PRODUCT_CODE,NAME,PET_GBN,PRICE,FREE_DELIVERY_FLAG,BEST_FLAG,SPECIAL_FLAG,SOLDOUT_FLAG,MAIN_RECOM_FLAG,INSTANT_DELIVERY_FLAG,IMAGE,VISCERA_JSON,VISCERA,TYPE,BRAND_CODE,BRAND_NAME,COMPANY_CODE,REVIEW_COUNT,RATING_AVG,SALES_PRICE,WISH_FLAG,DELIVERY_TYPE,SALES_CNT,ANALYSES_JSON,ANALYSES,CREATED_AT,BADGE_TEXT,TOTAL_COUNT
P00091,[묶음 할인] 액티베이트 스몰 60p (종합 영양제),1,78000.0,N,Y,Y,N,Y,Y,https://img.lifet.co.kr/d3cd4a19-16e1-423e-8f96-88441e400017,"[{""NAME"":""\uC885\uD569\uAD00\uB9AC""},{""NAME"":""\uC2EC\uC7A5""},{""NAME"":""\uC2E0\uC7A5/\uBC29\uAD11""},{""NAME"":""\uBA74\uC5ED\uB825""},{""NAME"":""\uD589\uB3D9""}]",,"[{""NAME"":""\uC601\uC591\uC81C""}]",B00026,벳플러스,C00020,270,4.951851,64000.0,N,LIFET,40,"[{""GBN"":""RECOMMENDATION"",""IMG_FILE_NAME"":""https://lifet-img.s3.ap-northeast-2.amazonaws.com/efce54b7-8214-468a-813a-e5387908fda7"",""SUB_TITLE"":""\uAC15\uB825\uD55C \uBCF5\uD569 \uD56D\uC0B0\uD654\uC81C"",""TITLE"":""\uAE30\uB2A5\uC131 \uC131\uBD84 \uC2DC\uB108\uC9C0\uC758""},{""GBN"":""RECOMMENDATION"",""IMG_FILE_NAME"":""https://lifet-img.s3.ap-northeast-2.amazonaws.com/d9b43e44-18f7-403b-999b-3c383dd3dc88"",""SUB_TITLE"":""\uB178\uB839\uACAC \uC778\uC9C0\uAE30\uB2A5\uC7A5\uC560 \uB3C4\uC6C0"",""TITLE"":""\uB450\uB1CC \uC601\uC591 \uACF5\uAE09\uC73C\uB85C""},{""GBN"":""RECOMMENDATION"",""IMG_FILE_NAME"":""https://lifet-img.s3.ap-northeast-2.amazonaws.com/aa720bd1-823e-49e7-ae59-568f7a7ef86f"",""SUB_TITLE"":""\uB9CC\uC131\uC9C8\uD658 \uAC1C\uC120\uC5D0 \uB3C4\uC6C0"",""TITLE"":""\uC2E0\uC7A5/\uC2EC\uC7A5 \uC9C8\uD658 \uB4F1""},{""GBN"":""RECOMMENDATION"",""IMG_FILE_NAME"":""https://lifet-img.s3.ap-northeast-2.amazonaws.com/d508df25-aeec-4829-b649-38e655ce945c"",""SUB_TITLE"":""\uAC04\uD3B8\uD558\uACE0 \uD6A8\uACFC\uC801\uC778 \uAE09\uC5EC"",""TITLE"":""1\uC77C 1\uCEA1\uC290\uB85C""},{""GBN"":""CONSIDERATION"",""IMG_FILE_NAME"":""https://lifet-img.s3.ap-northeast-2.amazonaws.com/9322a9ed-edfd-4dae-a569-758d9f919880"",""SUB_TITLE"":""\uCCB4\uAE09\uC5D0 \uB530\uB978 \uC120\uD0DD \uD544\uC694"",""TITLE"":""\uC18C\uD615\uACAC(~10kg) \uC804\uC6A9\uC73C\uB85C""}]",,2023-06-02T14:53:59.6982254,묶음 할인,634
P00115,[묶음 할인] (SS) 덴티페어리 디스펜서 584g - 124p,1,35000.0,N,Y,N,N,N,Y,https://img.lifet.co.kr/c7c819ec-9868-4b4e-a7be-fa792f1a0f2d.jpg,"[{""NAME"":""\uCE58\uC544""}]",,"[{""NAME"":""\uAC04\uC2DD""}]",B00031,포켄스,C00023,65,5.0,32000.0,N,LIFET,50,,,2023-06-30T19:09:28.3589981,묶음 할인,634
P00140,미니파이케어 라이스(신장관리) 10개입,9,13500.0,N,Y,N,N,N,Y,https://img.lifet.co.kr/1b901a77-b938-4642-b0f4-6e819291d4ff.jpg,"[{""NAME"":""\uC2E0\uC7A5/\uBC29\uAD11""}]",,"[{""NAME"":""\uAC04\uC2DD""}]",B00034,닥터맘마,C00024,51,4.921568,11900.0,N,LIFET,60,,,2023-06-29T17:26:51.5540221,,634
P00087,[묶음 할인] 사이노퀸 스몰 캡슐 30p (관절 영양제),1,37000.0,N,Y,Y,N,N,Y,https://img.lifet.co.kr/3f16d166-5f70-474a-b3c0-4a058a14e376,"[{""NAME"":""\uBF08/\uAD00\uC808""}]",,"[{""NAME"":""\uC601\uC591\uC81C""}]",B00026,벳플러스,C00020,103,4.902912,30400.0,N,LIFET,70,,,2023-06-02T14:40:56.5119736,묶음 할인,634
P00423,[묶음 할인]뉴알엑스 02제주말고기져키 60g,1,5000.0,N,N,N,N,N,Y,https://img.lifet.co.kr/3a0d4254-c10a-488d-9385-3c310446a193.jpg,"[{""NAME"":""\uD53C\uBD80""},{""NAME"":""\uBA74\uC5ED\uB825""},{""NAME"":""\uBF08/\uAD00\uC808""}]",,"[{""NAME"":""\uAC04\uC2DD""}]",B0060,뉴알엑스,C00042,14,5.0,5000.0,N,LIFET,80,,,2025-01-20T15:57:36.4451394,묶음 할인,634
P00086,[묶음 할인] 사이노퀸 스몰 타블릿 30p (관절 영양제),1,37000.0,N,Y,Y,N,N,Y,https://img.lifet.co.kr/533d5dbf-d8c8-4699-a661-79931319a176,"[{""NAME"":""\uBF08/\uAD00\uC808""}]",,"[{""NAME"":""\uC601\uC591\uC81C""}]",B00026,벳플러스,C00020,139,4.935251,30400.0,N,LIFET,100,,,2023-06-02T14:39:46.7575854,묶음 할인,634
P00122,촉촉사료 처방사료 신장 700g / 오일미포함,1,29400.0,N,N,N,N,N,Y,https://img.lifet.co.kr/bdf6f1bc-4bc8-4fe5-9c8c-79984533c89b.jpg,"[{""NAME"":""\uC2E0\uC7A5/\uBC29\uAD11""}]",,"[{""NAME"":""\uC0AC\uB8CC""}]",B00034,닥터맘마,C00024,20,4.8,27800.0,N,LIFET,120,,,2023-06-29T15:46:25.5131475,,634
P00425,[묶음 할인]뉴알엑스 04제주말고기큐브 60g,1,5000.0,N,N,N,N,N,Y,https://img.lifet.co.kr/bbe4b162-b02b-42b1-a8bc-f223aab12957.jpg,"[{""NAME"":""\uD53C\uBD80""},{""NAME"":""\uBA74\uC5ED\uB825""},{""NAME"":""\uBF08/\uAD00\uC808""}]",,"[{""NAME"":""\uAC04\uC2DD""}]",B0060,뉴알엑스,C00042,7,4.714285,5000.0,N,LIFET,140,,,2025-01-21T17:28:31.0933333,묶음 할인,634
P00737,디어니스트키친 파테 원팟스튜 연어&치킨 298g,1,6500.0,N,N,N,N,N,Y,https://img.lifet.co.kr/307a0449-cdb9-49f4-b32e-9987cdf5fae0.png,"[{""NAME"":""\uC885\uD569\uAD00\uB9AC""},{""NAME"":""\uC704/\uC7A5""},{""NAME"":""\uD53C\uBD80""},{""NAME"":""\uBA74\uC5ED\uB825""}]",,"[{""NAME"":""\uC0AC\uB8CC""}]",B00084,디어니스트키친,C00061,2,5.0,0.0,N,LIFET,150,,,2025-08-09T13:04:15.5147227,,634
P00116,[묶음 할인] (S) 덴티페어리 디스펜서 584g - 80p,1,35000.0,N,Y,N,N,N,Y,https://img.lifet.co.kr/7d4397fa-6ca7-48a5-bcc0-08cebe3ec0e8.jpg,"[{""NAME"":""\uCE58\uC544""}]",,"[{""NAME"":""\uAC04\uC2DD""}]",B00031,포켄스,C00023,59,4.915254,32000.0,N,LIFET,160,,,2023-06-30T19:15:48.0077497,묶음 할인,634
P00424,[묶음 할인]뉴알엑스 03제주말고기스틱 60g,1,5000.0,N,N,N,N,N,Y,https://img.lifet.co.kr/fc1ea8da-8a8c-47f1-a398-f81f22984894.jpg,"[{""NAME"":""\uD53C\uBD80""},{""NAME"":""\uBA74\uC5ED\uB825""},{""NAME"":""\uBF08/\uAD00\uC808""}]",,"[{""NAME"":""\uAC04\uC2DD""}]",B0060,뉴알엑스,C00042,9,4.888888,5000.0,N,LIFET,170,,,2025-01-21T17:26:44.8066667,묶음 할인,634
P00756,디어니스트키친 붓처블락 파테 치킨&수퍼그린 298g,1,6500.0,N,N,N,N,N,Y,https://img.lifet.co.kr/7cc17365-59b2-4285-b876-2c62d410c533.png,"[{""NAME"":""\uC885\uD569\uAD00\uB9AC""},{""NAME"":""\uC704/\uC7A5""},{""NAME"":""\uD53C\uBD80""},{""NAME"":""\uBA74\uC5ED\uB825""}]",,"[{""NAME"":""\uC0AC\uB8CC""}]",B00084,디어니스트키친,C00061,2,5.0,0.0,N,LIFET,180,,,2025-08-09T14:59:50.0633333,,634
P00192,딜라잇 low protein 스틱 (14g x 15개입) 신장/신부전 영양 간식,9,30000.0,N,Y,N,N,Y,Y,https://img.lifet.co.kr/7c15d597-cd70-42f9-80ab-030849e380a0,"[{""NAME"":""\uC885\uD569\uAD00\uB9AC""},{""NAME"":""\uC2E0\uC7A5/\uBC29\uAD11""}]",,"[{""NAME"":""\uAC04\uC2DD""}]",B00001,라이펫,C00001,86,4.895348,14900.0,N,LIFET,190,"[{""GBN"":""RECOMMENDATION"",""IMG_FILE_NAME"":""https://img.lifet.co.kr/efce54b7-8214-468a-813a-e5387908fda7"",""SUB_TITLE"":""\uC800\uB2E8\uBC31 \uC2DD\uC774\uAD00\uB9AC \uBCF4\uC870\uAC04\uC2DD"",""TITLE"":""\uB77C\uC774\uD3AB\uC774 \uC81C\uB300\uB85C \uB9CC\uB4E0""},{""GBN"":""RECOMMENDATION"",""IMG_FILE_NAME"":""https://img.lifet.co.kr/d9b43e44-18f7-403b-999b-3c383dd3dc88"",""SUB_TITLE"":""\uD48D\uBD80\uD55C \uD0A4\uD1A0\uC0B0\uACFC \uC624\uBA54\uAC003"",""TITLE"":""\uC9C0\uCE5C \uC2E0\uC7A5 \uAC74\uAC15\uC744 \uC704\uD55C""},{""GBN"":""RECOMMENDATION"",""IMG_FILE_NAME"":""https://img.lifet.co.kr/aa720bd1-823e-49e7-ae59-568f7a7ef86f"",""SUB_TITLE"":""\uC804\uC131\uBD84 \uD568\uB7C9 \uBAA8\uB450 \uACF5\uAC1C"",""TITLE"":""\uC790\uC2E0 \uC788\uB294 \uBC30\uD569\uC124\uACC4\uB85C""},{""GBN"":""RECOMMENDATION"",""IMG_FILE_NAME"":""https://img.lifet.co.kr/f4372141-3aa8-4d44-b467-9c8b916a210e"",""SUB_TITLE"":""\uC81C\uB300\uB85C \uC7A1\uC740 \uAE30\uD638\uC131"",""TITLE"":""\uC2E0\uC120\uD55C \uC5F0\uC5B4\uC758 \uD48D\uBBF8\uB85C""}]",,2023-11-01T10:06:45.75,,634
P00024,[묶음 할인] CET 이중효소 치약 닭고기맛 70g,9,20000.0,N,Y,N,N,N,Y,https://img.lifet.co.kr/a029693c-947f-4c8b-ba72-53a368652629,"[{""NAME"":""\uCE58\uC544""}]",,"[{""NAME"":""\uC6A9\uD488""}]",B00010,버박,C00010,73,4.986301,17000.0,N,LIFET,210,,,2023-05-04T17:29:52.2824834,,634
P00139,미니파이케어 파인(췌장관리) 10개입,9,13500.0,N,Y,N,N,N,Y,https://img.lifet.co.kr/0108ab24-8b55-4393-b872-40456ee7e189.jpg,"[{""NAME"":""\uC704/\uC7A5""}]",,"[{""NAME"":""\uAC04\uC2DD""}]",B00034,닥터맘마,C00024,67,4.880597,11900.0,N,LIFET,230,,,2023-06-29T17:25:18.3464899,,634
P00438,[묶음 할인]뉴알엑스 진짜비프져키 120g,9,5500.0,N,N,N,N,N,Y,https://img.lifet.co.kr/23f7f311-70b7-431d-a3d0-cb500cbf6fda.jpg,"[{""NAME"":""\uC704/\uC7A5""},{""NAME"":""\uBA74\uC5ED\uB825""},{""NAME"":""\uBF08/\uAD00\uC808""}]",,"[{""NAME"":""\uAC04\uC2DD""}]",B0060,뉴알엑스,C00042,24,5.0,5000.0,N,LIFET,240,,,2025-01-21T17:00:28.6279102,묶음 할인,634
P00370,진정성 TF 타히보 후코이단 강아지 고양이 종양 영양제,9,40000.0,N,Y,N,N,Y,Y,https://img.lifet.co.kr/6d91e49e-e0a5-4472-8e3c-21173b5f5a1e,"[{""NAME"":""\uC885\uD569\uAD00\uB9AC""},{""NAME"":""\uBA74\uC5ED\uB825""}]",,"[{""NAME"":""\uC601\uC591\uC81C""}]",B00001,라이펫,C00001,65,4.876923,14900.0,N,LIFET,250,"[{""GBN"":""RECOMMENDATION"",""IMG_FILE_NAME"":""https://img.lifet.co.kr/d9b43e44-18f7-403b-999b-3c383dd3dc88"",""SUB_TITLE"":""\uD0C0\uD788\uBCF4\uC640 \uD6C4\uCF54\uC774\uB2E8"",""TITLE"":""\uADFC\uBCF8\uC801\uC778 \uD56D\uC554\uC744 \uC704\uD55C""},{""GBN"":""RECOMMENDATION"",""IMG_FILE_NAME"":""https://img.lifet.co.kr/f4372141-3aa8-4d44-b467-9c8b916a210e"",""SUB_TITLE"":""\uBCA0\uD0C0\uAE00\uB8E8\uCE78\uACFC \uAE00\uB8E8\uD0C0\uCE58\uC628"",""TITLE"":""\uC885\uC591 \uC138\uD3EC\uB97C \uC5B5\uC81C\uD558\uB294""},{""GBN"":""RECOMMENDATION"",""IMG_FILE_NAME"":""https://img.lifet.co.kr/efce54b7-8214-468a-813a-e5387908fda7"",""SUB_TITLE"":""ALL FREE"",""TITLE"":""\uBCF4\uC874\uC81C \uB4F1 \uC720\uD574\uC131\uBD84 ""},{""GBN"":""RECOMMENDATION"",""IMG_FILE_NAME"":""https://img.lifet.co.kr/7fc92690-dee4-4371-8492-4e35076a49ee"",""SUB_TITLE"":""\uAC1C\uBCC4 \uC2A4\uD2F1 \uD3EC\uC7A5"",""TITLE"":""\uC548\uC804\uD558\uACE0 \uD3B8\uB9AC\uD55C""}]",,2024-10-31T12:26:41.4326134,,634
P00089,[묶음 할인] 새밀린 스몰 타블릿 30p (간 영양제),9,86000.0,N,Y,Y,N,N,Y,https://img.lifet.co.kr/1a31f09d-b6d1-4210-bdf9-81bf3916c9fd,"[{""NAME"":""\uAC04""}]",,"[{""NAME"":""\uC601\uC591\uC81C""}]",B00026,벳플러스,C00020,153,4.980392,78500.0,N,LIFET,260,,,2023-06-02T14:46:43.0998357,묶음 할인,634
P00369,진정성 TE 트리플 엔자임 강아지 고양이 췌장 영양제,9,36000.0,N,Y,N,N,Y,Y,https://img.lifet.co.kr/69946d93-d716-4d6f-b9e7-8ad3d46e5ef3,"[{""NAME"":""\uC704/\uC7A5""}]",,"[{""NAME"":""\uC601\uC591\uC81C""}]",B00001,라이펫,C00001,65,4.861538,14900.0,N,LIFET,270,"[{""GBN"":""RECOMMENDATION"",""IMG_FILE_NAME"":""https://img.lifet.co.kr/d9b43e44-18f7-403b-999b-3c383dd3dc88"",""SUB_TITLE"":""\uC544\uBC00\uB77C\uC544\uC81C, \uD504\uB85C\uD14C\uC544\uC81C"",""TITLE"":""3\uB300 \uCDCC\uC7A5 \uD6A8\uC18C \uB9AC\uD30C\uC544\uC81C\uC640""},{""GBN"":""RECOMMENDATION"",""IMG_FILE_NAME"":""https://img.lifet.co.kr/f4372141-3aa8-4d44-b467-9c8b916a210e"",""SUB_TITLE"":""\uC5FD\uC0B0\uACFC \uCF54\uBC1C\uB77C\uBBFC"",""TITLE"":""\uC18C\uD654 \uAE30\uB2A5 \uAC1C\uC120\uC744 \uC704\uD55C""},{""GBN"":""RECOMMENDATION"",""IMG_FILE_NAME"":""https://img.lifet.co.kr/efce54b7-8214-468a-813a-e5387908fda7"",""SUB_TITLE"":""ALL FREE"",""TITLE"":""\uBCF4\uC874\uC81C \uB4F1 \uC720\uD574\uC131\uBD84""},{""GBN"":""RECOMMENDATION"",""IMG_FILE_NAME"":""https://img.lifet.co.kr/7fc92690-dee4-4371-8492-4e35076a49ee"",""SUB_TITLE"":""\uAC1C\uBCC4 \uC2A4\uD2F1 \uD3EC\uC7A5"",""TITLE"":""\uC548\uC804\uD558\uACE0 \uD3B8\uB9AC\uD55C""}]",,2024-10-31T12:26:00.1671251,,634
P00715,지위픽 독 캔식품 소고기 390G,1,9800.0,N,N,N,N,N,Y,https://img.lifet.co.kr/9064de52-526c-487a-92b6-e0ea46403125.png,"[{""NAME"":""\uC885\uD569\uAD00\uB9AC""},{""NAME"":""\uC2EC\uC7A5""},{""NAME"":""\uC704/\uC7A5""},{""NAME"":""\uD53C\uBD80""},{""NAME"":""\uBA74\uC5ED\uB825""},{""NAME"":""\uD589\uB3D9""}]",,"[{""NAME"":""\uC0AC\uB8CC""}]",B00082,지위픽,C00060,2,5.0,9800.0,N,LIFET,300,,,2025-08-12T15:54:17.79,묶음 할인,634
P00212,[묶음 할인] 라이펙스 60캡슐 (췌장 효소 보조제),9,135000.0,N,N,N,N,N,Y,https://img.lifet.co.kr/de2cbb35-0ea8-4784-be93-72dc63dfe848,"[{""NAME"":""\uC704/\uC7A5""}]",,"[{""NAME"":""\uC601\uC591\uC81C""}]",B00026,벳플러스,C00020,95,4.947368,128000.0,N,LIFET,310,,,2024-01-31T12:07:20.9985615,묶음 할인,634
P00441,[묶음 할인]뉴알엑스 산양글루코사민스틱 100g,1,6000.0,N,N,N,N,N,Y,https://img.lifet.co.kr/6c4c4ff9-bea4-45f3-a1ac-b074829a6008.jpg,"[{""NAME"":""\uC704/\uC7A5""},{""NAME"":""\uBA74\uC5ED\uB825""},{""NAME"":""\uBF08/\uAD00\uC808""}]",,"[{""NAME"":""\uAC04\uC2DD""}]",B0060,뉴알엑스,C00042,3,5.0,6000.0,N,LIFET,330,,,2025-01-21T17:04:19.6863715,묶음 할인,634
P00431,[묶음 할인]뉴알엑스 후코이단 사슴스틱 100g,1,5000.0,N,N,N,N,N,Y,https://img.lifet.co.kr/8a198230-1c98-42f4-8909-62d5ed2f6376.jpg,"[{""NAME"":""\uC885\uD569\uAD00\uB9AC""},{""NAME"":""\uC704/\uC7A5""},{""NAME"":""\uBA74\uC5ED\uB825""}]",,"[{""NAME"":""\uAC04\uC2DD""}]",B0060,뉴알엑스,C00042,20,4.95,5000.0,N,LIFET,340,,,2025-01-21T16:46:25.628175,묶음 할인,634
P00439,[묶음 할인]뉴알엑스 진짜오리져키 120g,9,5500.0,N,N,N,N,N,Y,https://img.lifet.co.kr/2a082be7-07ee-45ac-8347-95239ed91075.jpg,"[{""NAME"":""\uC704/\uC7A5""},{""NAME"":""\uBA74\uC5ED\uB825""},{""NAME"":""\uBF08/\uAD00\uC808""}]",,"[{""NAME"":""\uAC04\uC2DD""}]",B0060,뉴알엑스,C00042,0,0.0,5000.0,N,LIFET,360,,,2025-01-21T17:45:24.1133333,묶음 할인,634
P00152,별자리스틱 올인원(멀티/관절/신장/눈) 15g x 4p,9,4000.0,N,N,N,N,N,Y,https://img.lifet.co.kr/92496ead-71a1-4be5-8504-63875c620e03,"[{""NAME"":""\uC885\uD569\uAD00\uB9AC""},{""NAME"":""\uC2E0\uC7A5/\uBC29\uAD11""},{""NAME"":""\uBA74\uC5ED\uB825""},{""NAME"":""\uBF08/\uAD00\uC808""},{""NAME"":""\uB208""}]",,"[{""NAME"":""\uAC04\uC2DD""}]",B00035,마이베프,C00025,13,4.923076,3700.0,N,LIFET,370,,,2023-07-21T17:10:45.4733333,,634
P00190,딜라잇 low fat 스틱 (14g x 15개입) 췌장/췌장염 영양 간식,9,30000.0,N,Y,N,N,Y,Y,https://img.lifet.co.kr/566ae7b1-09e6-4f86-b11d-b8200cfbd404,"[{""NAME"":""\uC885\uD569\uAD00\uB9AC""},{""NAME"":""\uC704/\uC7A5""}]",,"[{""NAME"":""\uAC04\uC2DD""}]",B00001,라이펫,C00001,109,4.917431,14900.0,N,LIFET,380,"[{""GBN"":""RECOMMENDATION"",""IMG_FILE_NAME"":""https://img.lifet.co.kr/efce54b7-8214-468a-813a-e5387908fda7"",""SUB_TITLE"":""\uC800\uC9C0\uBC29 \uC2DD\uC774\uAD00\uB9AC \uBCF4\uC870\uAC04\uC2DD"",""TITLE"":""\uB77C\uC774\uD3AB\uC774 \uC81C\uB300\uB85C \uB9CC\uB4E0""},{""GBN"":""RECOMMENDATION"",""IMG_FILE_NAME"":""https://img.lifet.co.kr/d9b43e44-18f7-403b-999b-3c383dd3dc88"",""SUB_TITLE"":""\uD48D\uBD80\uD55C \uCF54\uBC1C\uB77C\uBBFC\uACFC \uC5FD\uC0B0"",""TITLE"":""\uC9C0\uCE5C \uCDCC\uC7A5 \uAC74\uAC15\uC744 \uC704\uD55C""},{""GBN"":""RECOMMENDATION"",""IMG_FILE_NAME"":""https://img.lifet.co.kr/aa720bd1-823e-49e7-ae59-568f7a7ef86f"",""SUB_TITLE"":""\uC804\uC131\uBD84 \uD568\uB7C9 \uBAA8\uB450 \uACF5\uAC1C"",""TITLE"":""\uC790\uC2E0 \uC788\uB294 \uBC30\uD569\uC124\uACC4\uB85C""},{""GBN"":""RECOMMENDATION"",""IMG_FILE_NAME"":""https://img.lifet.co.kr/f4372141-3aa8-4d44-b467-9c8b916a210e"",""SUB_TITLE"":""\uC81C\uB300\uB85C \uC7A1\uC740 \uAE30\uD638\uC131"",""TITLE"":""\uACE0\uAD6C\uB9C8\uC758 \uAC74\uAC15\uD55C \uB2E8\uB9DB\uC73C\uB85C""}]",,2023-10-31T22:48:47.1387054,,634
P00367,진정성 SG 실리마린 글루타치온 강아지 고양이 간 영양제,9,33000.0,N,N,N,N,Y,Y,https://img.lifet.co.kr/33d9db68-3906-4ba4-af1d-53134a332533,"[{""NAME"":""\uAC04""}]",,"[{""NAME"":""\uC601\uC591\uC81C""}]",B00001,라이펫,C00001,58,4.982758,14900.0,N,LIFET,390,"[{""GBN"":""RECOMMENDATION"",""IMG_FILE_NAME"":""https://img.lifet.co.kr/d9b43e44-18f7-403b-999b-3c383dd3dc88"",""SUB_TITLE"":""\uC2E4\uB9AC\uB9C8\uB9B0\uACFC \uC2E4\uB9AC\uBE48"",""TITLE"":""\uAC04\uC744 \uBCF4\uD638\uD558\uACE0 \uD574\uB3C5\uD558\uB294""},{""GBN"":""RECOMMENDATION"",""IMG_FILE_NAME"":""https://img.lifet.co.kr/f4372141-3aa8-4d44-b467-9c8b916a210e"",""SUB_TITLE"":""\uAE00\uB8E8\uD0C0\uCE58\uC628, \uBE44\uD0C0\uBBFC D3/E"",""TITLE"":""\uAC15\uB825\uD55C \uAC04 \uD56D\uC0B0\uD654 \uBB3C\uC9C8""},{""GBN"":""RECOMMENDATION"",""IMG_FILE_NAME"":""https://img.lifet.co.kr/efce54b7-8214-468a-813a-e5387908fda7"",""SUB_TITLE"":""ALL FREE"",""TITLE"":""\uBCF4\uC874\uC81C \uB4F1 \uC720\uD574\uC131\uBD84""},{""GBN"":""RECOMMENDATION"",""IMG_FILE_NAME"":""https://img.lifet.co.kr/7fc92690-dee4-4371-8492-4e35076a49ee"",""SUB_TITLE"":""\uAC1C\uBCC4 \uC2A4\uD2F1 \uD3EC\uC7A5"",""TITLE"":""\uC548\uC804\uD558\uACE0 \uD3B8\uB9AC\uD55C""}]",,2024-10-31T12:19:09.7085364,,634
P00017,[묶음 할인] 질켄 75mg (30캡슐),9,35000.0,N,Y,Y,N,Y,Y,https://img.lifet.co.kr/2822d637-a258-4c76-b0d2-7988e306645f,"[{""NAME"":""\uD589\uB3D9""}]",,"[{""NAME"":""\uC601\uC591\uC81C""}]",B00011,베토퀴놀,C00010,67,4.910447,27900.0,N,LIFET,410,"[{""GBN"":""RECOMMENDATION"",""IMG_FILE_NAME"":""https://lifet-img.s3.ap-northeast-2.amazonaws.com/d9b43e44-18f7-403b-999b-3c383dd3dc88"",""SUB_TITLE"":""\uC2A4\uD2B8\uB808\uC2A4 \uC644\uD654 \uBCF4\uC870\uC81C"",""TITLE"":""\uBAA8\uC720\uC758 \uC6D0\uB9AC\uB97C \uC774\uC6A9\uD55C""},{""GBN"":""RECOMMENDATION"",""IMG_FILE_NAME"":""https://lifet-img.s3.ap-northeast-2.amazonaws.com/aa720bd1-823e-49e7-ae59-568f7a7ef86f"",""SUB_TITLE"":""\uC784\uC2E0 \uC911\uC5D0\uB3C4 \uAE09\uC5EC \uAC00\uB2A5"",""TITLE"":""\uB6F0\uC5B4\uB09C \uC131\uBD84 \uC548\uC815\uC131\uC73C\uB85C""},{""GBN"":""RECOMMENDATION"",""IMG_FILE_NAME"":""https://lifet-img.s3.ap-northeast-2.amazonaws.com/efce54b7-8214-468a-813a-e5387908fda7"",""SUB_TITLE"":""\uB2E8\uAE30 or \uC7A5\uAE30 \uAE09\uC5EC \uAC00\uB2A5"",""TITLE"":""\uD544\uC694\uD55C \uC0C1\uD669\uC5D0 \uB530\uB77C""},{""GBN"":""RECOMMENDATION"",""IMG_FILE_NAME"":""https://lifet-img.s3.ap-northeast-2.amazonaws.com/d508df25-aeec-4829-b649-38e655ce945c"",""SUB_TITLE"":""\uB192\uC740 \uAE30\uD638\uC131\u0026\uAE09\uC5EC \uC6A9\uC774\uC131"",""TITLE"":""\uD30C\uC6B0\uB354 \uD568\uC720 \uCEA1\uC290""}]",,2023-05-02T17:07:11.303954,,634
P00016,[묶음 할인]스토맥스 소화촉진 장건강 영양제 63g,9,42000.0,N,Y,Y,N,N,Y,https://img.lifet.co.kr/9daf3d97-277f-4a14-95f1-c629d0825487,"[{""NAME"":""\uC704/\uC7A5""}]",,"[{""NAME"":""\uC601\uC591\uC81C""}]",B00012,프로덴,C00011,39,4.974358,35000.0,N,LIFET,430,,,2023-05-02T16:56:31.3615235,,634
P00434,[묶음 할인]뉴알엑스 후코이단 치즈치킨칩 100g,1,5000.0,N,N,N,N,N,Y,https://img.lifet.co.kr/fd23a68d-d0fd-448a-80bf-d193e0272f7b.jpg,"[{""NAME"":""\uC885\uD569\uAD00\uB9AC""},{""NAME"":""\uC704/\uC7A5""},{""NAME"":""\uBA74\uC5ED\uB825""}]",,"[{""NAME"":""\uAC04\uC2DD""}]",B0060,뉴알엑스,C00042,9,5.0,5000.0,N,LIFET,450,,,2025-01-21T17:41:12.64,묶음 할인,634
P00143,미니파이케어 리브(간건강) 10개입,9,13500.0,N,N,N,N,N,Y,https://img.lifet.co.kr/a229f21d-5908-42e7-9c42-f8b5d0cd1380.jpg,"[{""NAME"":""\uAC04""}]",,"[{""NAME"":""\uAC04\uC2DD""}]",B00034,닥터맘마,C00024,32,4.96875,11900.0,N,LIFET,470,,,2023-06-29T17:35:13.1874815,,634
P00759,디어니스트키친 펌킨 포얼오버스 연어&호박스튜 156g,1,4000.0,N,N,N,N,N,Y,https://img.lifet.co.kr/19d66f5f-2a99-4d9b-b26f-2b0990afafc1.png,"[{""NAME"":""\uC885\uD569\uAD00\uB9AC""},{""NAME"":""\uC704/\uC7A5""},{""NAME"":""\uC2E0\uC7A5/\uBC29\uAD11""},{""NAME"":""\uBA74\uC5ED\uB825""}]",,"[{""NAME"":""\uC0AC\uB8CC""}]",B00084,디어니스트키친,C00061,1,5.0,0.0,N,LIFET,480,,,2025-08-09T15:05:52.0535164,,634
P00129,촉촉사료 처방사료 시니어 1kg / 오일미포함 ,1,39800.0,N,N,Y,N,N,Y,https://img.lifet.co.kr/366db2cb-3152-4be8-b4e8-0a68cd586b3c.jpg,"[{""NAME"":""\uC885\uD569\uAD00\uB9AC""},{""NAME"":""\uBA74\uC5ED\uB825""}]",,"[{""NAME"":""\uC0AC\uB8CC""}]",B00034,닥터맘마,C00024,18,5.0,38100.0,N,LIFET,490,,,2023-07-05T18:42:23.72,,634
P00107,[묶음 할인] 사메탑 60정 (간 영양제),9,58000.0,N,Y,Y,N,N,Y,https://img.lifet.co.kr/73a297e9-8504-4603-884c-18284fb39d64,"[{""NAME"":""\uAC04""}]",,"[{""NAME"":""\uC601\uC591\uC81C""}]",B00030,케어사이드,C00022,89,4.932584,43500.0,N,LIFET,510,,,2023-06-22T14:27:51.591404,묶음할인,634
P00377,"[샘플] 진정성 5종(TF, TE, SG, LZ, LG)",9,6000.0,N,N,N,N,N,Y,https://img.lifet.co.kr/d1197197-9190-4748-a3e6-851799e4784d,"[{""NAME"":""\uC885\uD569\uAD00\uB9AC""},{""NAME"":""\uAC04""},{""NAME"":""\uC704/\uC7A5""},{""NAME"":""\uBA74\uC5ED\uB825""},{""NAME"":""\uB208""},{""NAME"":""\uD589\uB3D9""}]",,"[{""NAME"":""\uC601\uC591\uC81C""}]",B00001,라이펫,C00001,36,4.972222,1500.0,N,LIFET,520,,,2024-11-01T11:15:47.2133333,,634
P00179,스타터프리미엄 (닭&칠면조) 1kg,1,43900.0,N,N,N,N,N,N,https://img.lifet.co.kr/c052e390-2b88-43c5-a31b-81db5f7b68b5,"[{""NAME"":""\uC885\uD569\uAD00\uB9AC""}]",,"[{""NAME"":""\uC0AC\uB8CC""},{""NAME"":""\uC790\uC5F0\uC2DD""}]",B00040,바프독,C00027,12,5.0,0.0,N,BRAND,530,,,2023-10-20T15:15:29.8459584,,634
P00368,진정성 LZ 루테인 지아잔틴 강아지 고양이 눈 영양제,9,33000.0,N,N,N,N,Y,Y,https://img.lifet.co.kr/8313c272-13fb-47e6-bf07-e33a24450386,"[{""NAME"":""\uB208""}]",,"[{""NAME"":""\uC601\uC591\uC81C""}]",B00001,라이펫,C00001,44,4.863636,14900.0,N,LIFET,550,"[{""GBN"":""RECOMMENDATION"",""IMG_FILE_NAME"":""https://img.lifet.co.kr/d9b43e44-18f7-403b-999b-3c383dd3dc88"",""SUB_TITLE"":""\uB8E8\uD14C\uC778\uACFC \uC9C0\uC544\uC794\uD2F4"",""TITLE"":""\uB9DD\uB9C9 \uAC74\uAC15\uC5D0 \uC9D1\uC911 \uAD00\uC5EC\uD558\uB294""},{""GBN"":""RECOMMENDATION"",""IMG_FILE_NAME"":""https://img.lifet.co.kr/f4372141-3aa8-4d44-b467-9c8b916a210e"",""SUB_TITLE"":""\uC544\uC2A4\uD0C0\uC794\uD2F4\uACFC \uC548\uD1A0\uC2DC\uC544\uB2C8\uB518"",""TITLE"":""\uAC15\uB825\uD55C \uC548\uAD6C \uD56D\uC0B0\uD654 \uBB3C\uC9C8""},{""GBN"":""RECOMMENDATION"",""IMG_FILE_NAME"":""https://img.lifet.co.kr/efce54b7-8214-468a-813a-e5387908fda7"",""SUB_TITLE"":""ALL FREE"",""TITLE"":""\uBCF4\uC874\uC81C \uB4F1 \uC720\uD574\uC131\uBD84""},{""GBN"":""RECOMMENDATION"",""IMG_FILE_NAME"":""https://img.lifet.co.kr/7fc92690-dee4-4371-8492-4e35076a49ee"",""SUB_TITLE"":""\uAC1C\uBCC4 \uC2A4\uD2F1 \uD3EC\uC7A5"",""TITLE"":""\uC548\uC804\uD558\uACE0 \uD3B8\uB9AC\uD55C""}]",,2024-10-31T12:25:18.3696884,,634
P00118,[묶음 할인] (L) 덴티페어리 디스펜서584g - 32p,1,35000.0,N,N,N,N,N,Y,https://img.lifet.co.kr/8ba4f48c-b61d-42bf-8d1e-a27105198bc5.jpg,"[{""NAME"":""\uCE58\uC544""}]",,"[{""NAME"":""\uAC04\uC2DD""}]",B00031,포켄스,C00023,13,5.0,32000.0,N,LIFET,570,,,2023-06-30T19:18:52.7109275,묶음 할인,634
P00310,파이보 500g,1,44000.0,N,Y,N,N,N,Y,https://img.lifet.co.kr/eee11a0b-7dad-4cb4-9fed-32ebc1e8e235,"[{""NAME"":""\uC885\uD569\uAD00\uB9AC""},{""NAME"":""\uC704/\uC7A5""},{""NAME"":""\uBA74\uC5ED\uB825""}]",,"[{""NAME"":""\uC601\uC591\uC81C""}]",B00026,벳플러스,C00020,20,4.6,38000.0,N,LIFET,580,,,2024-06-20T17:13:37.9454444,,634
P00356,데일리케얼 리얼 rTG 오메가3 플러스 60정,9,29900.0,N,Y,N,N,N,Y,https://img.lifet.co.kr/e09621dd-c4cf-42c0-81f5-8acf6a3cd05d.jpg,"[{""NAME"":""\uC885\uD569\uAD00\uB9AC""},{""NAME"":""\uBA74\uC5ED\uB825""}]",,"[{""NAME"":""\uC601\uC591\uC81C""}]",B00023,펫생각,C00038,4,4.5,19800.0,N,BRAND,590,,,2024-09-04T17:37:48.5066667,,634
P00551,조공 rTG 퓨어 오메가-3 (90캡슐),9,16000.0,N,N,N,N,N,Y,https://img.lifet.co.kr/fccbdef4-1c4a-4bd4-a94c-c6024af57633,"[{""NAME"":""\uC885\uD569\uAD00\uB9AC""},{""NAME"":""\uBA74\uC5ED\uB825""}]",,"[{""NAME"":""\uC601\uC591\uC81C""}]",B00066,조공,C00049,7,5.0,0.0,N,LIFET,600,,,2025-05-09T15:59:11.7562023,,634
P00126,촉촉사료 버라이어티팩 700g,1,24200.0,N,Y,N,N,N,Y,https://img.lifet.co.kr/5d985a7e-6e97-449a-b59a-c6598f5967e6.jpg,"[{""NAME"":""\uC885\uD569\uAD00\uB9AC""}]",,"[{""NAME"":""\uC0AC\uB8CC""}]",B00034,닥터맘마,C00024,14,4.785714,21500.0,N,LIFET,610,,,2023-07-13T15:46:59.6666667,,634
P00127,촉촉사료 처방사료 신장 1kg / 오일미포함,1,39800.0,N,Y,N,N,Y,Y,https://img.lifet.co.kr/ed93a67f-6a7c-4229-9218-544297ef9ecb.jpg,"[{""NAME"":""\uC2E0\uC7A5/\uBC29\uAD11""}]",,"[{""NAME"":""\uC0AC\uB8CC""}]",B00034,닥터맘마,C00024,23,4.913043,37700.0,N,LIFET,620,"[{""GBN"":""RECOMMENDATION"",""IMG_FILE_NAME"":""https://img.lifet.co.kr/edd2d8aa-65fd-4ad0-8932-1545e7167a1b"",""SUB_TITLE"":""\uB9DE\uCDA4 \uC800\uB2E8\uBC31 \uC601\uC591 \uAD6C\uC131"",""TITLE"":""\uC2E0\uC7A5\u0026\uCDCC\uC7A5 \uC9C8\uD658\uC744 \uC704\uD55C""},{""GBN"":""RECOMMENDATION"",""IMG_FILE_NAME"":""https://img.lifet.co.kr/edd2d8aa-65fd-4ad0-8932-1545e7167a1b"",""SUB_TITLE"":""\uD558\uB8E8 50% \uD544\uC694 \uC218\uBD84 \uC12D\uCDE8"",""TITLE"":""\uCD09\uCD09\uC0AC\uB8CC \uAE09\uC5EC\uB9CC\uC73C\uB85C""},{""GBN"":""RECOMMENDATION"",""IMG_FILE_NAME"":""https://img.lifet.co.kr/edd2d8aa-65fd-4ad0-8932-1545e7167a1b"",""SUB_TITLE"":""\uC0C1\uC628 \uBCF4\uAD00 \uBC0F \uAE09\uC5EC \uAC00\uB2A5"",""TITLE"":""HACCP\uC2DC\uC124 \uBA78\uADE0 \uD3EC\uC7A5\uC73C\uB85C""},{""GBN"":""RECOMMENDATION"",""IMG_FILE_NAME"":""https://img.lifet.co.kr/edd2d8aa-65fd-4ad0-8932-1545e7167a1b"",""SUB_TITLE"":""\uC0AC\uB8CC\uC758 \uC9C0\uBC29\uB7C9 \uC870\uC808 \uAC00\uB2A5"",""TITLE"":""\uB9DE\uCDA4 \uC624\uC77C \uCEE8\uD2B8\uB864\uB7EC\uB85C""}]",,2023-07-05T15:49:26.1633333,,634
P00332,데일리케얼 리얼 알티지 오메가3 180캡슐,9,42800.0,N,Y,N,N,N,Y,https://img.lifet.co.kr/3f5a89c0-cce2-4c7b-a68d-b9d9e7e21301.jpg,"[{""NAME"":""\uC885\uD569\uAD00\uB9AC""},{""NAME"":""\uBA74\uC5ED\uB825""}]",,"[{""NAME"":""\uC601\uC591\uC81C""}]",B00086,펫생각,C00038,7,5.0,34800.0,N,LIFET,630,,,2024-07-03T15:27:35.82,,634
P00761,디어니스트키친 펌킨 포얼오버스 터키&호박스튜 156g,1,4000.0,N,N,N,N,N,Y,https://img.lifet.co.kr/75c9a351-14e6-4add-aca5-d716c7918657.png,"[{""NAME"":""\uC885\uD569\uAD00\uB9AC""},{""NAME"":""\uC704/\uC7A5""},{""NAME"":""\uC2E0\uC7A5/\uBC29\uAD11""},{""NAME"":""\uBA74\uC5ED\uB825""}]",,"[{""NAME"":""\uC0AC\uB8CC""}]",B00084,디어니스트키친,C00061,0,0.0,0.0,N,LIFET,640,,,2025-08-09T15:13:32.78,,634
P00117,[묶음 할인] (M) 덴티페어리 디스펜서584g -46p,1,35000.0,N,N,N,N,N,Y,https://img.lifet.co.kr/1965abb0-dd67-4ef1-9499-32d56fb89e27.jpg,"[{""NAME"":""\uCE58\uC544""}]",,"[{""NAME"":""\uAC04\uC2DD""}]",B00031,포켄스,C00023,16,4.875,32000.0,N,LIFET,650,,,2023-06-30T19:17:13.552438,묶음 할인,634
P00036,[묶음 할인] 글루코사민 관절 영양 보충제 100g,9,42000.0,N,N,N,N,N,Y,https://img.lifet.co.kr/d9b5216b-2ae1-4c3f-b2cd-e30f62bab7ad,"[{""NAME"":""\uBF08/\uAD00\uC808""}]",,"[{""NAME"":""\uC601\uC591\uC81C""}]",B00012,프로덴,C00011,25,4.88,35000.0,N,LIFET,660,,,2023-05-04T18:39:47.9108192,,634
P00711,지위픽 에어드라이 소고기 독 1KG,1,86000.0,N,N,N,N,N,Y,https://img.lifet.co.kr/b77ca89c-4e21-43bb-aa30-df124f344f37.png,"[{""NAME"":""\uC885\uD569\uAD00\uB9AC""},{""NAME"":""\uC2EC\uC7A5""},{""NAME"":""\uC704/\uC7A5""},{""NAME"":""\uD53C\uBD80""},{""NAME"":""\uBA74\uC5ED\uB825""},{""NAME"":""\uD589\uB3D9""}]",,"[{""NAME"":""\uC0AC\uB8CC""}]",B00082,지위픽,C00060,1,5.0,0.0,N,LIFET,680,,,2025-08-07T18:40:03.5533333,,634
P00150,별자리스틱 신장 건강 15g x 4p,9,4000.0,N,N,N,N,N,Y,https://img.lifet.co.kr/6de2616c-c3a6-43bb-97bb-02ffd81a7860,"[{""NAME"":""\uC2E0\uC7A5/\uBC29\uAD11""}]",,"[{""NAME"":""\uAC04\uC2DD""}]",B00035,마이베프,C00025,6,5.0,3700.0,N,LIFET,700,,,2023-07-21T17:07:09.5,,634
P00440,[묶음 할인]뉴알엑스 진짜사슴져키 120g,9,5500.0,N,N,N,N,N,Y,https://img.lifet.co.kr/0ae48fc7-86a6-45d0-9265-0c97cde5adb6.jpg,"[{""NAME"":""\uC704/\uC7A5""},{""NAME"":""\uD53C\uBD80""},{""NAME"":""\uBA74\uC5ED\uB825""}]",,"[{""NAME"":""\uAC04\uC2DD""}]",B0060,뉴알엑스,C00042,3,5.0,5000.0,N,LIFET,730,,,2025-01-21T17:47:19.18,묶음 할인,634
P00371,진정성 LG 락티움 가바 강아지 고양이 행동 영양제,9,33000.0,N,N,N,N,Y,Y,https://img.lifet.co.kr/9025922c-cc21-4467-ac31-2611fc506cb2,"[{""NAME"":""\uD589\uB3D9""}]",,"[{""NAME"":""\uC601\uC591\uC81C""}]",B00001,라이펫,C00001,46,4.956521,14900.0,N,LIFET,740,"[{""GBN"":""RECOMMENDATION"",""IMG_FILE_NAME"":""https://img.lifet.co.kr/d9b43e44-18f7-403b-999b-3c383dd3dc88"",""SUB_TITLE"":""\uB77D\uD2F0\uC6C0\uACFC \u03B1-\uCE74\uC18C\uC81C\uD540"",""TITLE"":""\uC784\uC0C1\uC73C\uB85C \uAC80\uC99D\uB41C \uC131\uBD84""},{""GBN"":""RECOMMENDATION"",""IMG_FILE_NAME"":""https://img.lifet.co.kr/f4372141-3aa8-4d44-b467-9c8b916a210e"",""SUB_TITLE"":""\uAC00\uBC14, \uD2B8\uB9BD\uD1A0\uD310, \uD14C\uC544\uB2CC"",""TITLE"":""\uD589\uB3D9 \uAC1C\uC120\uC744 \uC704\uD55C""},{""GBN"":""RECOMMENDATION"",""IMG_FILE_NAME"":""https://img.lifet.co.kr/efce54b7-8214-468a-813a-e5387908fda7"",""SUB_TITLE"":""ALL FREE"",""TITLE"":""\uBCF4\uC874\uC81C \uB4F1 \uC720\uD574\uC131\uBD84""},{""GBN"":""RECOMMENDATION"",""IMG_FILE_NAME"":""https://img.lifet.co.kr/7fc92690-dee4-4371-8492-4e35076a49ee"",""SUB_TITLE"":""\uAC1C\uBCC4 \uC2A4\uD2F1 \uD3EC\uC7A5"",""TITLE"":""\uC548\uC804\uD558\uACE0 \uD3B8\uB9AC\uD55C""}]",,2024-10-31T12:27:30.1620723,,634
P00035,플라그오프 바이트 60g,1,18000.0,N,N,N,N,N,Y,https://img.lifet.co.kr/e395e327-ac03-43dd-90c9-c38b13ba0d35,"[{""NAME"":""\uCE58\uC544""}]",,"[{""NAME"":""\uC601\uC591\uC81C""},{""NAME"":""\uAC04\uC2DD""}]",B00012,프로덴,C00011,35,4.8,15000.0,N,LIFET,770,,,2023-05-04T18:37:58.5633386,,634
P00474,[묶음 할인]닥터트러스티 하이포알러제닉(알러지) 동결건조 패티 스타터 (9g),1,5000.0,N,N,N,N,N,Y,https://img.lifet.co.kr/a94d4cd3-d4d4-48ec-ab05-286933764982.jpg,"[{""NAME"":""\uC885\uD569\uAD00\uB9AC""},{""NAME"":""\uD53C\uBD80""},{""NAME"":""\uBA74\uC5ED\uB825""}]",,"[{""NAME"":""\uC0AC\uB8CC""},{""NAME"":""\uC790\uC5F0\uC2DD""}]",B00044,트러스티푸드,C00044,1,3.0,3800.0,N,LIFET,780,,,2025-03-13T15:23:14.98,묶음 할인,634
P00497,오느루 매일 급여 오리&야채 식사(50g*4EA),9,19000.0,N,N,N,N,N,N,https://img.lifet.co.kr/cfca838f-c6b0-44a2-bdc7-183026242732,"[{""NAME"":""\uC885\uD569\uAD00\uB9AC""}]",,"[{""NAME"":""\uC0AC\uB8CC""},{""NAME"":""\uC790\uC5F0\uC2DD""}]",B00063,오느루,C00046,3,4.666666,19000.0,N,BRAND,800,,,2025-04-09T14:51:51.5512428,,634
P00144,미니파이 멀티팩 10개입,9,13000.0,N,Y,N,N,,Y,https://img.lifet.co.kr/1f83e260-7db7-4f64-9477-1030e7ca5eb5.jpg,"[{""NAME"":""\uC885\uD569\uAD00\uB9AC""}]",,"[{""NAME"":""\uAC04\uC2DD""}]",B00034,닥터맘마,C00024,15,5.0,11500.0,N,LIFET,820,,,2023-07-05T15:38:45.5887803,,634
P00236,미니파이케어 퓨어(담낭슬러지제거) 10개입,9,13500.0,N,N,N,N,N,Y,https://img.lifet.co.kr/1fff6ace-5791-4aa3-8ae1-f34bd2cc7841.jpg,"[{""NAME"":""\uC885\uD569\uAD00\uB9AC""},{""NAME"":""\uC704/\uC7A5""},{""NAME"":""\uBA74\uC5ED\uB825""}]",,"[{""NAME"":""\uAC04\uC2DD""}]",B00034,닥터맘마,C00024,16,4.9375,11900.0,N,LIFET,830,,,2024-03-25T18:49:01.9857563,,634
P00146,별자리스틱 눈 건강 15g x 4p,9,4000.0,N,N,N,N,N,Y,https://img.lifet.co.kr/5c9971e5-0a03-4933-bc7c-b3977cc61906,"[{""NAME"":""\uB208""}]",,"[{""NAME"":""\uAC04\uC2DD""}]",B00035,마이베프,C00025,5,4.8,3700.0,N,LIFET,840,,,2023-07-21T16:57:00.5466667,,634
P00549,조공 rTG 레드 오메가-3 mini 통 (120캡슐),9,29500.0,N,N,N,N,N,Y,https://img.lifet.co.kr/cf09110f-ab0a-4030-9595-170f1bba47a3,"[{""NAME"":""\uC885\uD569\uAD00\uB9AC""},{""NAME"":""\uBA74\uC5ED\uB825""}]",,"[{""NAME"":""\uC601\uC591\uC81C""}]",B00066,조공,C00049,14,5.0,0.0,N,LIFET,860,,,2025-05-09T15:40:34.999385,,634
P00725,지위픽 스팀드라이 소고기&호박 독 800G,1,53000.0,N,N,N,N,N,Y,https://img.lifet.co.kr/9d133bde-a5a3-40f3-8e45-a9bf6f096ef8.png,"[{""NAME"":""\uC885\uD569\uAD00\uB9AC""},{""NAME"":""\uC2EC\uC7A5""},{""NAME"":""\uC704/\uC7A5""},{""NAME"":""\uD53C\uBD80""},{""NAME"":""\uBA74\uC5ED\uB825""},{""NAME"":""\uD589\uB3D9""}]",,"[{""NAME"":""\uC0AC\uB8CC""}]",B00082,지위픽,C00060,4,5.0,0.0,N,LIFET,870,,,2025-08-12T16:24:18.8866667,,634
P00837,벳액티브8 신바이오틱 부스트 유산균 150g,9,49900.0,N,N,N,N,N,Y,https://img.lifet.co.kr/33d2abc1-752c-4ef8-894a-fb3e96020ad0.png,"[{""NAME"":""\uC885\uD569\uAD00\uB9AC""},{""NAME"":""\uC704/\uC7A5""},{""NAME"":""\uBA74\uC5ED\uB825""}]",,"[{""NAME"":""\uC601\uC591\uC81C""}]",B00092,벳액티브,C00052,0,0.0,0.0,N,LIFET,880,,,2025-08-29T16:19:55.4633333,NEW,634
P00181,덕앤램 (오리&양) 1kg,1,59500.0,N,N,N,N,N,N,https://img.lifet.co.kr/c9420678-9ad6-4ad5-8209-86f0cf535360,"[{""NAME"":""\uC885\uD569\uAD00\uB9AC""}]",,"[{""NAME"":""\uC0AC\uB8CC""},{""NAME"":""\uC790\uC5F0\uC2DD""}]",B00040,바프독,C00027,10,5.0,0.0,N,BRAND,890,,,2023-10-20T15:42:52.093643,,634
P00093,[묶음 할인] 액티베이트 미디움&라지브리드 60p (종합 영양제),1,98000.0,N,N,N,N,N,Y,https://img.lifet.co.kr/2502588e-4b13-4839-b7f8-8418d2208524,"[{""NAME"":""\uC885\uD569\uAD00\uB9AC""},{""NAME"":""\uC2EC\uC7A5""},{""NAME"":""\uC2E0\uC7A5/\uBC29\uAD11""},{""NAME"":""\uBA74\uC5ED\uB825""},{""NAME"":""\uD589\uB3D9""}]",,"[{""NAME"":""\uC601\uC591\uC81C""}]",B00026,벳플러스,C00020,45,4.955555,88400.0,N,LIFET,900,,,2023-06-02T14:55:49.607553,묶음할인,634
P00923,룰루키친 램(양) 250G / 1KG,1,13000.0,N,N,N,N,N,N,https://img.lifet.co.kr/b29a06b6-04f7-489a-a5f3-4947f432bad0.jpg,"[{""NAME"":""\uC885\uD569\uAD00\uB9AC""},{""NAME"":""\uC704/\uC7A5""},{""NAME"":""\uBA74\uC5ED\uB825""},{""NAME"":""\uD589\uB3D9""}]",,"[{""NAME"":""\uC0AC\uB8CC""},{""NAME"":""\uC790\uC5F0\uC2DD""}]",B00101,룰루키친,C00069,0,0.0,13000.0,N,BRAND,910,,,2025-09-08T13:54:33.6633333,NEW,634
P00133,미니파이케어 클램(당뇨) 10개입,9,13500.0,N,N,N,N,,Y,https://img.lifet.co.kr/c4cddc2d-8d36-4cf3-95f0-34edaac91cb8.jpg,"[{""NAME"":""\uC885\uD569\uAD00\uB9AC""},{""NAME"":""\uBA74\uC5ED\uB825""}]",,"[{""NAME"":""\uAC04\uC2DD""}]",B00034,닥터맘마,C00024,7,5.0,11900.0,N,LIFET,920,,,2023-06-29T17:12:12.9341752,,634
P00134,미니파이케어 웨이트(다이어트) 10개입,9,13500.0,N,N,N,N,N,Y,https://img.lifet.co.kr/31ee02f7-4f78-41cc-96aa-afb60bb17f1b.jpg,"[{""NAME"":""\uC885\uD569\uAD00\uB9AC""},{""NAME"":""\uBF08/\uAD00\uC808""}]",,"[{""NAME"":""\uAC04\uC2DD""}]",B00034,닥터맘마,C00024,9,5.0,11900.0,N,LIFET,930,,,2023-06-29T17:16:13.1478059,,634
P00051,[유통기한 임박 할인] 닥터퓌레 유리너리케어 방광/요로 영양제 14p (유통기한 6개월 이상),9,22000.0,N,N,N,N,N,Y,https://img.lifet.co.kr/542e77c2-b84c-4a35-948c-112599a50dda,"[{""NAME"":""\uC2E0\uC7A5/\uBC29\uAD11""}]",,"[{""NAME"":""\uC601\uC591\uC81C""}]",B00013,베츠,C00012,4,5.0,12600.0,N,LIFET,940,,,2023-05-04T19:45:06.2321711,,634
P00128,촉촉사료 처방사료 심장 1kg,1,37700.0,N,N,N,N,N,Y,https://img.lifet.co.kr/df917627-3fd9-4ae9-b7a0-c468c5d7c16c.jpg,"[{""NAME"":""\uC2EC\uC7A5""}]",,"[{""NAME"":""\uC0AC\uB8CC""}]",B00034,닥터맘마,C00024,7,4.714285,36500.0,N,LIFET,950,,,2023-07-05T18:11:47.35,,634
P00560,"조공 이지케어 이너프 (올인원, 종합영양)",9,14900.0,N,N,N,N,N,Y,https://img.lifet.co.kr/c009c440-a9be-4363-b34a-71200f3b5df6,"[{""NAME"":""\uC885\uD569\uAD00\uB9AC""}]",,"[{""NAME"":""\uC601\uC591\uC81C""}]",B00066,조공,C00049,4,5.0,0.0,N,LIFET,960,,,2025-05-13T15:57:37.8181154,,634
P00333,하루조이 행소행댕 펫밀크 100ml (10개입),9,18000.0,N,Y,N,N,N,Y,https://img.lifet.co.kr/60518df2-14f2-4a43-8acd-cc5b37bdfb49.jpg,"[{""NAME"":""\uC885\uD569\uAD00\uB9AC""},{""NAME"":""\uBA74\uC5ED\uB825""}]",,"[{""NAME"":""\uAC04\uC2DD""}]",B00086,펫생각,C00038,13,5.0,12800.0,N,LIFET,970,,,2024-07-03T15:43:21.7866667,,634
P00713,지위픽 독 캔식품 사슴고기 390G,1,15000.0,N,N,N,N,N,Y,https://img.lifet.co.kr/39239e01-e975-450c-9969-67710f6e8d4d.png,"[{""NAME"":""\uC885\uD569\uAD00\uB9AC""},{""NAME"":""\uC2EC\uC7A5""},{""NAME"":""\uC704/\uC7A5""},{""NAME"":""\uD53C\uBD80""},{""NAME"":""\uBA74\uC5ED\uB825""},{""NAME"":""\uD589\uB3D9""}]",,"[{""NAME"":""\uC0AC\uB8CC""}]",B00082,지위픽,C00060,0,0.0,15000.0,N,LIFET,990,,,2025-08-12T15:10:40.2033333,묶음 할인,634
P00105,[묶음 할인] 이노캡스 LZ-13 60p (눈 영양제),9,33000.0,N,N,N,N,N,Y,https://img.lifet.co.kr/9bf36510-0db3-44c3-b43b-ab81b284a8bc,"[{""NAME"":""\uB208""}]",,"[{""NAME"":""\uC601\uC591\uC81C""}]",B00028,이노벳,C00020,27,4.925925,23000.0,N,LIFET,1000,,,2023-06-02T15:36:53.0515569,7일간 142명 구매,634
P00512,페노비스 벳 코엔자임Q10 심장 영양제 30캡슐,9,49900.0,N,N,N,N,N,Y,https://img.lifet.co.kr/d4fe004e-580e-4984-bdd6-eb0595eff9ef,"[{""NAME"":""\uC2EC\uC7A5""}]",,"[{""NAME"":""\uC601\uC591\uC81C""}]",B00064,페노비스,C00047,3,5.0,25900.0,N,LIFET,1010,,,2025-04-22T16:28:22.4266667,,634
P00552,조공 보타닉 항산화제 (60캡슐),9,38000.0,N,N,N,N,N,Y,https://img.lifet.co.kr/5627afd7-05f8-436d-a470-a2d104769283,"[{""NAME"":""\uC885\uD569\uAD00\uB9AC""},{""NAME"":""\uBA74\uC5ED\uB825""}]",,"[{""NAME"":""\uC601\uC591\uC81C""}]",B00066,조공,C00049,11,5.0,0.0,N,LIFET,1020,,,2025-05-09T16:27:40.5161404,,634
P00672,웰케어 테라겔 DOG,1,30000.0,N,N,N,N,N,Y,https://img.lifet.co.kr/72fbed42-b7b4-46ba-815e-4ec0c9090d9f.jpg,"[{""NAME"":""\uC704/\uC7A5""},{""NAME"":""\uBA74\uC5ED\uB825""}]",,"[{""NAME"":""\uC601\uC591\uC81C""}]",B00078,웰케어,C00057,2,5.0,24000.0,N,LIFET,1030,,,2025-07-25T13:48:52.0099163,,634
P00712,지위픽 에어드라이 트라이프&양고기 독 1KG,1,86000.0,N,N,N,N,N,Y,https://img.lifet.co.kr/e9fb56db-0e0d-4e23-84ba-51f72f4d9c89.png,"[{""NAME"":""\uC885\uD569\uAD00\uB9AC""},{""NAME"":""\uC2EC\uC7A5""},{""NAME"":""\uC704/\uC7A5""},{""NAME"":""\uD53C\uBD80""},{""NAME"":""\uBA74\uC5ED\uB825""},{""NAME"":""\uD589\uB3D9""}]",,"[{""NAME"":""\uC0AC\uB8CC""}]",B00082,지위픽,C00060,3,5.0,0.0,N,LIFET,1040,,,2025-08-07T18:45:41.42,,634
P00132,미니파이케어 하트(심장) 10개입,9,13500.0,N,N,N,N,N,Y,https://img.lifet.co.kr/d11161e2-c20b-491e-b057-e9f602b2bc2b.jpg,"[{""NAME"":""\uC2EC\uC7A5""}]",,"[{""NAME"":""\uAC04\uC2DD""}]",B00034,닥터맘마,C00024,16,4.875,11900.0,N,LIFET,1050,,,2023-06-29T17:10:31.5157504,,634
P00444,[유통기한 임박 할인] [묶음 할인]뉴알엑스 피부건강껌 10P 100g (유통기한 6개월 이상),1,6000.0,N,N,N,N,N,Y,https://img.lifet.co.kr/037233e3-34cb-4d4f-a447-f5783d740422.jpg,"[{""NAME"":""\uD53C\uBD80""},{""NAME"":""\uCE58\uC544""}]",,"[{""NAME"":""\uAC04\uC2DD""}]",B0060,뉴알엑스,C00042,1,5.0,3300.0,N,LIFET,1090,,,2025-01-21T17:16:51.7881421,묶음 할인,634
P00147,별자리스틱 심장 건강 15g x 4p,9,4000.0,N,N,N,N,N,Y,https://img.lifet.co.kr/eb092caf-1f70-40e3-a0cb-814aee04c117,"[{""NAME"":""\uC2EC\uC7A5""}]",,"[{""NAME"":""\uAC04\uC2DD""}]",B00035,마이베프,C00025,4,5.0,3700.0,N,LIFET,1100,,,2023-07-21T17:01:46.4033333,,634
P00390,힐스 독 처방사료 h/d 1.5kg 심혈관,1,36900.0,N,N,N,N,N,Y,https://img.lifet.co.kr/ae63d83c-639d-41dc-ab78-4d34733a3c57,"[{""NAME"":""\uC2EC\uC7A5""},{""NAME"":""\uC2E0\uC7A5/\uBC29\uAD11""}]",,"[{""NAME"":""\uC0AC\uB8CC""}]",B00056,힐스,C00041,0,0.0,0.0,N,LIFET,1120,,,2025-01-14T18:42:42.06,,634
P00600,로즈힙 바이탈 케이나인 150g / 500g,9,39500.0,N,N,N,N,N,Y,https://img.lifet.co.kr/3f14d120-f61d-441c-b656-2b54f2dfdf8b,"[{""NAME"":""\uC885\uD569\uAD00\uB9AC""},{""NAME"":""\uD53C\uBD80""},{""NAME"":""\uBA74\uC5ED\uB825""},{""NAME"":""\uBF08/\uAD00\uC808""}]",,"[{""NAME"":""\uC601\uC591\uC81C""}]",B00069,로즈힙 바이탈,C00052,11,5.0,39500.0,N,LIFET,1130,,,2025-06-18T16:11:10.9297664,,634
P00342,힐스 독 처방사료 c/d 3.85kg 방광결석,1,85900.0,N,N,N,N,N,Y,https://img.lifet.co.kr/341206ba-7ae5-409c-8148-72c2e33082ca,"[{""NAME"":""\uC2E0\uC7A5/\uBC29\uAD11""}]",,"[{""NAME"":""\uC0AC\uB8CC""}]",B00056,힐스,C00041,12,4.916666,0.0,N,LIFET,1140,,,2024-10-17T15:06:20.519016,,634
P00207,가니쉬 동결건조 야채믹스 50g,1,21500.0,N,N,N,N,N,Y,https://img.lifet.co.kr/82ce392d-50df-43de-883c-09be9366b9e7.jpg,"[{""NAME"":""\uC885\uD569\uAD00\uB9AC""}]",,"[{""NAME"":""\uC790\uC5F0\uC2DD""},{""NAME"":""\uAC04\uC2DD""}]",B00044,트러스티푸드,C00044,13,4.76923,17000.0,N,LIFET,1150,,,2024-01-25T16:23:51.1433333,,634
P00311,유리네이드 60정,1,89000.0,N,Y,N,N,N,Y,https://img.lifet.co.kr/6184be74-b3aa-4198-9ade-f64d03998003,"[{""NAME"":""\uC2E0\uC7A5/\uBC29\uAD11""}]",,"[{""NAME"":""\uC601\uC591\uC81C""}]",B00026,벳플러스,C00020,9,5.0,79000.0,N,LIFET,1160,,,2024-06-20T17:33:37.3965488,,634
P00858,아더마스 피쉬볼 고등어 (180g),1,14000.0,N,N,N,N,N,N,https://img.lifet.co.kr/72f1091a-b0cc-4ff7-be13-16d315446764.png,"[{""NAME"":""\uC885\uD569\uAD00\uB9AC""},{""NAME"":""\uC704/\uC7A5""},{""NAME"":""\uD53C\uBD80""},{""NAME"":""\uBA74\uC5ED\uB825""},{""NAME"":""\uD589\uB3D9""}]",,"[{""NAME"":""\uC0AC\uB8CC""},{""NAME"":""\uC790\uC5F0\uC2DD""}]",B00094,아더마스,C00067,0,0.0,0.0,N,BRAND,1170,,,2025-09-02T15:08:21.19,NEW,634
P00135,미니파이케어 마우스(구강) 10개입,9,13500.0,N,N,N,N,N,Y,https://img.lifet.co.kr/f9e26037-805e-4810-b996-fb85ea084699.jpg,"[{""NAME"":""\uCE58\uC544""}]",,"[{""NAME"":""\uAC04\uC2DD""}]",B00034,닥터맘마,C00024,15,4.933333,11900.0,N,LIFET,1180,,,2023-06-29T17:17:39.2516025,,634
P00760,디어니스트키친 펌킨 포얼오버스 치킨&호박스튜 156g,1,4000.0,N,N,N,N,N,Y,https://img.lifet.co.kr/58a9df69-cd40-4da9-9d8f-adc374193566.png,"[{""NAME"":""\uC885\uD569\uAD00\uB9AC""},{""NAME"":""\uC704/\uC7A5""},{""NAME"":""\uC2E0\uC7A5/\uBC29\uAD11""},{""NAME"":""\uBA74\uC5ED\uB825""}]",,"[{""NAME"":""\uC0AC\uB8CC""}]",B00084,디어니스트키친,C00061,0,0.0,0.0,N,LIFET,1200,,,2025-08-09T15:11:42.1533333,,634
P00633,프로덴 플라그오프 미니 덴탈케어본 (혼합야채&블루베리),1,35000.0,N,N,N,N,N,Y,https://img.lifet.co.kr/ebaa26e7-51a2-42cf-81c2-628967b49a78,"[{""NAME"":""\uCE58\uC544""}]",,"[{""NAME"":""\uAC04\uC2DD""}]",B00012,프로덴,C00011,4,5.0,0.0,N,LIFET,1220,,,2025-06-27T17:31:07.9149412,,634
P00744,디어니스트키친 클러스터 홀그레인 치킨&오트 2.27kg,1,55000.0,N,N,N,N,N,Y,https://img.lifet.co.kr/d4a4081c-3b0e-4c2e-9dfe-4d3d76d098f2.jpg,"[{""NAME"":""\uC885\uD569\uAD00\uB9AC""},{""NAME"":""\uC704/\uC7A5""},{""NAME"":""\uD53C\uBD80""},{""NAME"":""\uBA74\uC5ED\uB825""}]",,"[{""NAME"":""\uC0AC\uB8CC""}]",B00084,디어니스트키친,C00061,0,0.0,0.0,N,LIFET,1240,,,2025-08-10T16:18:30.0133333,,634
P00776,스텔라앤츄이스 동결건조 터키 디너패티 397g,1,64000.0,N,N,N,N,N,Y,https://img.lifet.co.kr/f9eaa996-39d1-47d2-9622-cf0c17445070.png,"[{""NAME"":""\uC885\uD569\uAD00\uB9AC""},{""NAME"":""\uC704/\uC7A5""},{""NAME"":""\uBA74\uC5ED\uB825""}]",,"[{""NAME"":""\uC0AC\uB8CC""},{""NAME"":""\uC790\uC5F0\uC2DD""}]",B00085,스텔라앤츄이스,C00062,4,5.0,0.0,N,LIFET,1250,,,2025-08-20T18:16:57.0766667,,634
P00749,디어니스트키친 탈수건조 그레인프리 LID 칠면조 1.81kg,1,120000.0,N,N,N,N,N,Y,https://img.lifet.co.kr/595d2f07-7c60-43c4-9a46-0738976b3be8.jpg,"[{""NAME"":""\uC885\uD569\uAD00\uB9AC""},{""NAME"":""\uC704/\uC7A5""},{""NAME"":""\uD53C\uBD80""},{""NAME"":""\uBA74\uC5ED\uB825""}]",,"[{""NAME"":""\uC0AC\uB8CC""}]",B00084,디어니스트키친,C00061,2,5.0,0.0,N,LIFET,1260,,,2025-08-10T17:28:28.95,,634
P00741,디어니스트키친 클러스터 그레인프리 스몰브리드 치킨 1.81kg,1,64000.0,N,N,N,N,N,Y,https://img.lifet.co.kr/83773bcc-0685-4e4b-9e30-68b9f157f9f0.jpg,"[{""NAME"":""\uC885\uD569\uAD00\uB9AC""},{""NAME"":""\uC704/\uC7A5""},{""NAME"":""\uD53C\uBD80""},{""NAME"":""\uBA74\uC5ED\uB825""}]",,"[{""NAME"":""\uC0AC\uB8CC""}]",B00084,디어니스트키친,C00061,0,0.0,0.0,N,LIFET,1270,,,2025-08-10T16:20:56.0033333,,634
P00214,(샘플) 딜라잇 low fat / low protein 스틱 샘플 (14g x 2개),9,2800.0,N,Y,N,N,Y,Y,https://img.lifet.co.kr/89207bad-afc1-4643-86a8-186e4454beea,"[{""NAME"":""\uC885\uD569\uAD00\uB9AC""},{""NAME"":""\uC704/\uC7A5""},{""NAME"":""\uC2E0\uC7A5/\uBC29\uAD11""}]",,"[{""NAME"":""\uAC04\uC2DD""}]",B00001,라이펫,C00001,14,4.785714,1500.0,N,LIFET,1300,"[{""GBN"":""RECOMMENDATION"",""IMG_FILE_NAME"":""https://img.lifet.co.kr/efce54b7-8214-468a-813a-e5387908fda7"",""SUB_TITLE"":""\uC2DD\uC774\uAD00\uB9AC \uBCF4\uC870\uAC04\uC2DD"",""TITLE"":""\uB77C\uC774\uD3AB\uC774 \uC81C\uB300\uB85C \uB9CC\uB4E0""},{""GBN"":""RECOMMENDATION"",""IMG_FILE_NAME"":""https://img.lifet.co.kr/d9b43e44-18f7-403b-999b-3c383dd3dc88"",""SUB_TITLE"":""\uD48D\uBD80\uD55C \uCF54\uBC1C\uB77C\uBBFC\uACFC \uD0A4\uD1A0\uC0B0"",""TITLE"":""\uCDCC\uC7A5\uACFC \uC2E0\uC7A5 \uAC74\uAC15\uC744 \uC704\uD55C""},{""GBN"":""RECOMMENDATION"",""IMG_FILE_NAME"":""https://img.lifet.co.kr/aa720bd1-823e-49e7-ae59-568f7a7ef86f"",""SUB_TITLE"":""\uC804\uC131\uBD84 \uD568\uB7C9 \uBAA8\uB450 \uACF5\uAC1C"",""TITLE"":""\uC790\uC2E0 \uC788\uB294 \uBC30\uD569\uC124\uACC4\uB85C""},{""GBN"":""RECOMMENDATION"",""IMG_FILE_NAME"":""https://img.lifet.co.kr/f4372141-3aa8-4d44-b467-9c8b916a210e"",""SUB_TITLE"":""\uC81C\uB300\uB85C \uC7A1\uC740 \uAE30\uD638\uC131"",""TITLE"":""\uAC74\uAC15\uD55C \uB2E8\uB9DB\uACFC \uD48D\uBBF8\uB85C""}]",,2024-02-07T14:01:22.29,샘플 구매,634
P00148,별자리스틱 멀티 비타민 15g x 4p,9,4000.0,N,N,N,N,N,Y,https://img.lifet.co.kr/442242b9-0c21-497e-bfe0-19e978bd3662,"[{""NAME"":""\uBF08/\uAD00\uC808""}]",,"[{""NAME"":""\uAC04\uC2DD""}]",B00035,마이베프,C00025,7,5.0,3700.0,N,LIFET,1330,,,2023-07-21T17:05:06.9833333,,634
P00142,미니파이케어 브레스(호흡기) 10개입,9,13500.0,N,N,N,N,N,Y,https://img.lifet.co.kr/78acb7bd-c182-4fa3-97e6-008abf226192.jpg,"[{""NAME"":""\uC885\uD569\uAD00\uB9AC""},{""NAME"":""\uC2EC\uC7A5""},{""NAME"":""\uBA74\uC5ED\uB825""}]",,"[{""NAME"":""\uAC04\uC2DD""}]",B00034,닥터맘마,C00024,15,5.0,11900.0,N,LIFET,1340,,,2023-06-29T17:31:33.5285775,,634
P00057,[유통기한 임박 할인] 더텐소프트 인섹트&알러지 반건조 사료 1kg (26/02/09까지),1,24000.0,N,N,N,N,N,Y,https://img.lifet.co.kr/f6b0fd4a-542e-4d34-829a-30d5620a22de,"[{""NAME"":""\uC885\uD569\uAD00\uB9AC""},{""NAME"":""\uC704/\uC7A5""},{""NAME"":""\uD53C\uBD80""}]",,"[{""NAME"":""\uC0AC\uB8CC""}]",B00020,버틀러홀딩스,C00018,8,5.0,12000.0,N,LIFET,1350,,,2023-05-12T16:30:05.0873542,,634
P00299,프리미엄 치킨(닭 단일) 1kg (100g×10팩),1,39900.0,N,Y,N,N,N,N,https://img.lifet.co.kr/647803bc-6ba5-4017-8b12-bfcf73c2cd11,"[{""NAME"":""\uC885\uD569\uAD00\uB9AC""}]",,"[{""NAME"":""\uC0AC\uB8CC""},{""NAME"":""\uC790\uC5F0\uC2DD""}]",B00040,바프독,C00027,7,5.0,0.0,N,BRAND,1360,,,2024-06-07T16:24:06.906233,,634
P00841,벳액티브8 엔엠엔 포르테 60캡슐,9,66000.0,N,N,N,N,N,Y,https://img.lifet.co.kr/6c4e5ea7-afcd-4211-8def-c7fde2fecc60.png,"[{""NAME"":""\uC885\uD569\uAD00\uB9AC""},{""NAME"":""\uD589\uB3D9""}]",,"[{""NAME"":""\uC601\uC591\uC81C""}]",B00092,벳액티브,C00052,0,0.0,0.0,N,LIFET,1390,,,2025-08-29T17:08:05.3866667,NEW,634
P00315,데일리케얼 리얼 루테인 눈 영양제 120g,1,29900.0,N,Y,N,N,N,Y,https://img.lifet.co.kr/5a38cfa8-f008-4da7-8e6f-81d72a0a0bc8,"[{""NAME"":""\uB208""}]",,"[{""NAME"":""\uC601\uC591\uC81C""}]",B00086,펫생각,C00038,8,4.75,22800.0,N,LIFET,1400,,,2024-06-28T17:08:15.1126344,,634
P00745,디어니스트키친 클러스터 홀그레인 스몰브리드 치킨&오트 1.81kg,1,55000.0,N,N,N,N,N,Y,https://img.lifet.co.kr/92c0abde-c7ef-497e-bd3d-eaaf876595b9.png,"[{""NAME"":""\uC885\uD569\uAD00\uB9AC""},{""NAME"":""\uC704/\uC7A5""},{""NAME"":""\uD53C\uBD80""},{""NAME"":""\uBA74\uC5ED\uB825""}]",,"[{""NAME"":""\uC0AC\uB8CC""}]",B00084,디어니스트키친,C00061,1,5.0,0.0,N,LIFET,1410,,,2025-08-10T16:24:30.8233333,,634
P00747,디어니스트키친 탈수건조 그레인프리 LID 피쉬 1.81kg,1,130000.0,N,N,N,N,N,Y,https://img.lifet.co.kr/45a75f77-8298-453a-9b07-3c1fc61f9497.jpg,"[{""NAME"":""\uC885\uD569\uAD00\uB9AC""},{""NAME"":""\uC704/\uC7A5""},{""NAME"":""\uD53C\uBD80""},{""NAME"":""\uBA74\uC5ED\uB825""}]",,"[{""NAME"":""\uC0AC\uB8CC""}]",B00084,디어니스트키친,C00061,1,5.0,0.0,N,LIFET,1420,,,2025-08-10T16:40:41.1440134,,634
P00731,아투 독 연어 1.5kg,1,42000.0,N,N,N,N,N,Y,https://img.lifet.co.kr/fc19fef1-292f-4aa8-9f05-14f905af3922.png,"[{""NAME"":""\uC885\uD569\uAD00\uB9AC""},{""NAME"":""\uC704/\uC7A5""},{""NAME"":""\uD53C\uBD80""},{""NAME"":""\uBA74\uC5ED\uB825""}]",,"[{""NAME"":""\uC0AC\uB8CC""}]",B00083,아투,C00060,1,5.0,0.0,N,LIFET,1440,,,2025-08-14T18:15:04.05,,634
P00095,[유통기한 임박 할인] [묶음 할인] 코텍스 리퀴드 펌프 65ml (피부 영양제) (25/11/21까지),9,54000.0,N,Y,N,N,N,Y,https://img.lifet.co.kr/b962af38-2edd-4423-9e9d-7c0005a68252,"[{""NAME"":""\uD53C\uBD80""}]",,"[{""NAME"":""\uC601\uC591\uC81C""}]",B00026,벳플러스,C00020,12,4.916666,21500.0,N,LIFET,1450,,,2023-06-02T15:11:36.7247814,묶음 할인,634
P00023,[묶음 할인] CET 이중효소 치약 말트맛 70g,9,19000.0,N,Y,N,N,N,Y,https://img.lifet.co.kr/1f9c4e81-e0e4-4255-bf72-52d297e71f24,"[{""NAME"":""\uCE58\uC544""}]",,"[{""NAME"":""\uC6A9\uD488""}]",B00010,버박,C00010,36,4.861111,16000.0,N,LIFET,1460,,,2023-05-04T17:22:28.9068422,묶음 할인,634
P00527,나투라다이어트 리듀스드(-20%칼로리) 3kg/12kg,1,52000.0,N,N,N,N,N,Y,https://img.lifet.co.kr/16f109b1-7147-4dd4-ab5e-d88c22a01a97,"[{""NAME"":""\uC885\uD569\uAD00\uB9AC""},{""NAME"":""\uD53C\uBD80""},{""NAME"":""\uB208""}]",,"[{""NAME"":""\uC0AC\uB8CC""}]",B00065,딩고나투라,C00048,3,5.0,46800.0,N,BRAND,1490,,,2025-05-19T16:11:16.48,,634
P00556,조공 리뉴얼 헤어볼과 식이섬유 (30스틱),9,12000.0,N,N,N,N,N,Y,https://img.lifet.co.kr/3d29fbbb-06ed-487d-8edf-ae4f11c87822,"[{""NAME"":""\uC885\uD569\uAD00\uB9AC""},{""NAME"":""\uC704/\uC7A5""},{""NAME"":""\uD53C\uBD80""}]",,"[{""NAME"":""\uC601\uC591\uC81C""}]",B00066,조공,C00049,2,5.0,0.0,N,LIFET,1500,,,2025-05-09T17:07:40.0089147,,634
P00557,조공 이지케어 릴리프 (스트레스 케어),9,14900.0,N,N,N,N,N,Y,https://img.lifet.co.kr/84f95e7b-f93f-4d69-bc66-d7a97f1f74b0,"[{""NAME"":""\uD589\uB3D9""}]",,"[{""NAME"":""\uC601\uC591\uC81C""}]",B00066,조공,C00049,1,4.0,0.0,N,LIFET,1510,,,2025-05-13T15:22:20.7734836,,634
P00496,오느루 매일 급여 닭&야채 식사(50g*4EA),9,16000.0,N,N,N,N,N,N,https://img.lifet.co.kr/6e7f00a8-909a-4f58-be9a-02dec47739a8,"[{""NAME"":""\uC885\uD569\uAD00\uB9AC""}]",,"[{""NAME"":""\uC0AC\uB8CC""},{""NAME"":""\uC790\uC5F0\uC2DD""}]",B00063,오느루,C00046,0,0.0,16000.0,N,BRAND,1520,,,2025-04-08T15:17:05.8714826,,634
P00136,미니파이케어 릴렉스(스트레스) 10개입,9,13500.0,N,N,N,N,,Y,https://img.lifet.co.kr/71a9ad31-7dfc-4761-84eb-681c649d0bd3.jpg,"[{""NAME"":""\uD589\uB3D9""}]",,"[{""NAME"":""\uAC04\uC2DD""}]",B00034,닥터맘마,C00024,13,5.0,11900.0,N,LIFET,1530,,,2023-06-29T17:19:48.4170782,,634
P00361,[유통기한 임박 할인] 조인트 2.0 60g (유통기한 6개월 이상),9,32000.0,N,N,N,N,N,Y,https://img.lifet.co.kr/43cfa8f4-37fb-4fe6-b299-1fdd4ee0042b,"[{""NAME"":""\uBF08/\uAD00\uC808""}]",,"[{""NAME"":""\uC601\uC591\uC81C""}]",B00055,리브펫,C00040,2,5.0,19200.0,N,LIFET,1540,,,2024-09-12T14:39:40.52,,634
P00113,그리니즈 티니340g,1,26000.0,N,Y,N,N,N,Y,https://img.lifet.co.kr/6ae50a00-fed7-4bfa-8fd1-811ca6266a56,"[{""NAME"":""\uCE58\uC544""}]",,"[{""NAME"":""\uAC04\uC2DD""}]",B00033,그리니즈,C00023,2,5.0,19400.0,N,LIFET,1550,,,2023-08-23T12:40:28.79,,634
P00516,미트팡 관절&근육 소고기&돼지고기 80g,1,3900.0,N,N,N,N,N,Y,https://img.lifet.co.kr/28fb17df-8ff1-4e1b-acab-502787e2c5a2,"[{""NAME"":""\uBF08/\uAD00\uC808""}]",,"[{""NAME"":""\uC0AC\uB8CC""}]",B00064,페노비스,C00047,2,5.0,2900.0,N,LIFET,1570,,,2025-04-22T17:06:52.8052262,,634
P00302,프리미엄 비프(소 단일) (100g×10팩),1,53900.0,N,Y,N,N,N,N,https://img.lifet.co.kr/7355c147-4a9f-443f-b748-5836189244bd,"[{""NAME"":""\uC885\uD569\uAD00\uB9AC""}]",,"[{""NAME"":""\uC0AC\uB8CC""},{""NAME"":""\uC790\uC5F0\uC2DD""}]",B00040,바프독,C00027,12,5.0,0.0,N,BRAND,1580,,,2024-06-07T16:29:11.3066667,,634
P00206,가니쉬 동결건조 초록입홍합 50g,1,23900.0,N,N,N,N,N,Y,https://img.lifet.co.kr/9bef0f0f-f6c7-4457-8f89-3c7fdd2b8d8c.jpg,"[{""NAME"":""\uC885\uD569\uAD00\uB9AC""},{""NAME"":""\uBF08/\uAD00\uC808""}]",,"[{""NAME"":""\uC790\uC5F0\uC2DD""},{""NAME"":""\uAC04\uC2DD""}]",B00044,트러스티푸드,C00044,3,5.0,19000.0,N,LIFET,1590,,,2024-01-25T16:15:14.4433333,,634
P00661,마이베프 생유베리마치 펫밀크 200ml (10개입),9,30000.0,N,N,N,N,N,Y,https://img.lifet.co.kr/94abf8ce-22c8-4bcd-b811-6bebbaa19540,"[{""NAME"":""\uD53C\uBD80""},{""NAME"":""\uC2E0\uC7A5/\uBC29\uAD11""},{""NAME"":""\uBA74\uC5ED\uB825""},{""NAME"":""\uBF08/\uAD00\uC808""}]",,"[{""NAME"":""\uAC04\uC2DD""}]",B00035,마이베프,C00025,8,5.0,27000.0,N,LIFET,1610,,,2025-07-10T18:38:04.9471752,,634
P00887,아더마스 플랫져키 사슴 (100g),1,20500.0,N,N,N,N,N,N,https://img.lifet.co.kr/4cb29c1d-e6ed-4cc6-8c15-3d64cda8fe62.png,"[{""NAME"":""\uC885\uD569\uAD00\uB9AC""}]",,"[{""NAME"":""\uC790\uC5F0\uC2DD""},{""NAME"":""\uAC04\uC2DD""}]",B00094,아더마스,C00067,0,0.0,0.0,N,BRAND,1620,,,2025-09-03T10:34:16.6766667,NEW,634
P00888,아더마스 플랫져키 캥거루 (100g),1,17000.0,N,N,N,N,N,N,https://img.lifet.co.kr/6abb17cb-0737-41bd-b7c5-96d2ef605c8f.png,"[{""NAME"":""\uC885\uD569\uAD00\uB9AC""}]",,"[{""NAME"":""\uC790\uC5F0\uC2DD""},{""NAME"":""\uAC04\uC2DD""}]",B00094,아더마스,C00067,0,0.0,0.0,N,BRAND,1630,,,2025-09-03T10:35:54.8033333,NEW,634
P00201,동결건조 포크 패티 350g,1,82200.0,N,N,N,N,N,Y,https://img.lifet.co.kr/45844cdc-f041-4414-9b14-655f6bb5a616.jpg,"[{""NAME"":""\uC885\uD569\uAD00\uB9AC""}]",,"[{""NAME"":""\uC0AC\uB8CC""},{""NAME"":""\uC790\uC5F0\uC2DD""}]",B00044,트러스티푸드,C00044,4,4.75,65500.0,N,LIFET,1640,,,2024-01-25T12:22:08.3174607,,634
P00203,동결건조 비프 패티 350g,1,86100.0,N,N,N,N,N,Y,https://img.lifet.co.kr/276c0f50-b6de-43d6-9af2-5a71df7c6ff4.jpg,"[{""NAME"":""\uC885\uD569\uAD00\uB9AC""}]",,"[{""NAME"":""\uC0AC\uB8CC""},{""NAME"":""\uC790\uC5F0\uC2DD""}]",B00044,트러스티푸드,C00044,7,5.0,69500.0,N,LIFET,1650,,,2024-01-25T15:05:18.215102,,634
P00730,아투 독 오리 1.5kg,1,44000.0,N,N,N,N,N,Y,https://img.lifet.co.kr/a85cb7cf-7962-4834-a943-41122bf38539.png,"[{""NAME"":""\uC885\uD569\uAD00\uB9AC""},{""NAME"":""\uC704/\uC7A5""},{""NAME"":""\uD53C\uBD80""},{""NAME"":""\uBA74\uC5ED\uB825""}]",,"[{""NAME"":""\uC0AC\uB8CC""}]",B00083,아투,C00060,0,0.0,0.0,N,LIFET,1660,,,2025-08-14T18:09:00.23,,634
P00709,지위픽 에어드라이 고등어&양고기 독 1KG,1,94000.0,N,N,N,N,N,Y,https://img.lifet.co.kr/68afb048-74af-4c99-beeb-b8134d093acd.png,"[{""NAME"":""\uC885\uD569\uAD00\uB9AC""},{""NAME"":""\uC2EC\uC7A5""},{""NAME"":""\uC704/\uC7A5""},{""NAME"":""\uD53C\uBD80""},{""NAME"":""\uBA74\uC5ED\uB825""},{""NAME"":""\uD589\uB3D9""}]",,"[{""NAME"":""\uC0AC\uB8CC""}]",B00082,지위픽,C00060,0,0.0,0.0,N,LIFET,1670,,,2025-08-07T18:13:10.1533333,,634
