PRODUCT_CODE,NAME,PRICE,REVIEW_COUNT,RATING_AVG
P00012,플라그오프 파우더 40g,35000.0,103,4.941747
P00091,[묶음 할인] 액티베이트 스몰 60p (종합 영양제),78000.0,276,4.952898
P00115,[묶음 할인] (SS) 덴티페어리 디스펜서 584g - 124p,35000.0,68,5.0
P00370,진정성 TF 타히보 후코이단 강아지 고양이 종양 영양제,40000.0,71,4.887323
P00087,[묶음 할인] 사이노퀸 스몰 캡슐 30p (관절 영양제),37000.0,106,4.90566
P00423,[묶음 할인]뉴알엑스 02제주말고기져키 60g,5000.0,17,4.941176
P00086,[묶음 할인] 사이노퀸 스몰 타블릿 30p (관절 영양제),37000.0,144,4.923611
P00179,스타터프리미엄 (닭&칠면조) 1kg,43900.0,13,5.0
P00125,촉촉사료 처방사료 파인(췌장) 700g / 오일미포함,29400.0,71,4.985915
P00212,[묶음 할인] 라이펙스 60캡슐 (췌장 효소 보조제),135000.0,100,4.94
P00425,[묶음 할인]뉴알엑스 04제주말고기큐브 60g,5000.0,8,4.75
P00192,딜라잇 low protein 스틱 (14g x 15개입) 신장/신부전 영양 간식,30000.0,89,4.898876
P00089,[묶음 할인] 새밀린 스몰 타블릿 30p (간 영양제),86000.0,157,4.980891
P00369,진정성 TE 트리플 엔자임 강아지 고양이 췌장 영양제,36000.0,68,4.867647
P00024,[묶음 할인] CET 이중효소 치약 닭고기맛 70g,20000.0,79,4.987341
P00116,[묶음 할인] (S) 덴티페어리 디스펜서 584g - 80p,35000.0,59,4.915254
P00122,촉촉사료 처방사료 신장 700g / 오일미포함,29400.0,21,4.809523
P00368,진정성 LZ 루테인 지아잔틴 강아지 고양이 눈 영양제,33000.0,45,4.866666
P00017,[묶음 할인] 질켄 75mg (30캡슐),35000.0,69,4.913043
P00140,미니파이케어 라이스(신장관리) 10개입,13500.0,56,4.928571
P00016,[묶음 할인]스토맥스 소화촉진 장건강 영양제 63g,42000.0,43,4.976744
P00035,플라그오프 바이트 60g,18000.0,35,4.8
P00139,미니파이케어 파인(췌장관리) 10개입,13500.0,68,4.882352
P00431,[묶음 할인]뉴알엑스 후코이단 사슴스틱 100g,5000.0,21,4.95238
P00108,헤파카디오 Q10 60정 (심장 영양제),35000.0,63,4.936507
P00090,[묶음 할인] 새밀린 스몰 사셰 30p (간 영양제),92000.0,56,4.982142
P00152,별자리스틱 올인원(멀티/관절/신장/눈) 15g x 4p,4000.0,14,4.928571
P00759,디어니스트키친 펌킨 포얼오버스 연어&호박스튜 156g,4000.0,3,5.0
P00424,[묶음 할인]뉴알엑스 03제주말고기스틱 60g,5000.0,11,4.90909
P00923,룰루키친 램(양) 250G / 1KG,13000.0,0,0.0
P00967,진정성 CT 코엔자임 Q10 타우린 강아지 고양이 심혈관 영양제,31000.0,10,4.9
P00969,진정성 MP MCT 포스파티딜세린 강아지 고양이 항산화 영양제,40000.0,6,5.0
P00310,파이보 500g,44000.0,23,4.652173
P00761,디어니스트키친 펌킨 포얼오버스 터키&호박스튜 156g,4000.0,4,4.75
P00715,지위픽 독 캔식품 소고기 390G,9800.0,4,5.0
P00144,미니파이 멀티팩 10개입,13000.0,17,5.0
P00367,진정성 SG 실리마린 글루타치온 강아지 고양이 간 영양제,33000.0,63,4.984126
P00036,[묶음 할인] 글루코사민 관절 영양 보충제 100g,42000.0,25,4.88
P00713,지위픽 독 캔식품 사슴고기 390G,15000.0,2,5.0
P00438,[묶음 할인]뉴알엑스 진짜비프져키 120g,5500.0,25,5.0
P00117,[묶음 할인] (M) 덴티페어리 디스펜서584g -46p,35000.0,16,4.875
P00714,지위픽 독 캔식품 양고기 390G,9800.0,2,5.0
P00837,벳액티브8 신바이오틱 부스트 유산균 150g,49900.0,0,0.0
P00377,"[샘플] 진정성 9종 (TF, TE, SG, LZ, LG, MP, CT, CA, FE)",6000.0,36,4.972222
P00371,진정성 LG 락티움 가바 강아지 고양이 행동 영양제,33000.0,48,4.958333
P00181,덕앤램 (오리&양) 1kg,59500.0,10,5.0
P00852,아더마스 플래닛 치킨 (360g),28000.0,2,5.0
P00498,오느루 매일 급여 흑돼지&야채 식사(50g*4EA),22000.0,7,4.571428
P00434,[묶음 할인]뉴알엑스 후코이단 치즈치킨칩 100g,5000.0,10,5.0
P00150,별자리스틱 신장 건강 15g x 4p,4000.0,11,5.0
P00439,[묶음 할인]뉴알엑스 진짜오리져키 120g,5500.0,0,0.0
P00872,아더마스 치킨수프 (180g),8500.0,5,5.0
P00126,촉촉사료 버라이어티팩 700g,24200.0,15,4.8
P00496,오느루 매일 급여 닭&야채 식사(50g*4EA),16000.0,1,5.0
P00551,조공 rTG 퓨어 오메가-3 (90캡슐),16000.0,8,5.0
P00133,미니파이케어 클램(당뇨) 10개입,13500.0,8,5.0
P00527,나투라다이어트 리듀스드(-20%칼로리) 3kg/12kg,52000.0,4,5.0
P00760,디어니스트키친 펌킨 포얼오버스 치킨&호박스튜 156g,4000.0,1,5.0
P00858,아더마스 피쉬볼 고등어 (180g),14000.0,2,5.0
P00107,사메탑 60정 (간 영양제),58000.0,90,4.933333
P00023,[묶음 할인] CET 이중효소 치약 말트맛 70g,19000.0,37,4.864864
P00332,데일리케얼 리얼 알티지 오메가3 180캡슐,42800.0,7,5.0
P00129,촉촉사료 처방사료 시니어 1kg / 오일미포함 ,39800.0,19,5.0
P00302,프리미엄 비프(소 단일) (100g×10팩),53900.0,12,5.0
P00550,조공 rTG 레드 오메가-3 mini 블리스터 (100캡슐),29500.0,5,4.6
P00850,아더마스 플래닛 비프 (360g),38000.0,3,5.0
P00093,[묶음 할인] 액티베이트 미디움&라지브리드 60p (종합 영양제),98000.0,48,4.958333
P00190,딜라잇 low fat 스틱 (14g x 15개입) 췌장/췌장염 영양 간식,30000.0,110,4.918181
P00441,[묶음 할인]뉴알엑스 산양글루코사민스틱 100g,6000.0,3,5.0
P00497,오느루 매일 급여 오리&야채 식사(50g*4EA),19000.0,4,4.75
P00711,지위픽 에어드라이 소고기 독 1KG,86000.0,5,5.0
P00869,아더마스  에그볼 포크앤스위트펌킨 (180g),17500.0,4,5.0
P00762,지위픽 독 캔식품 닭고기 390G,9800.0,3,5.0
P00474,[묶음 할인]닥터트러스티 하이포알러제닉(알러지) 동결건조 패티 스타터 (9g),5000.0,1,3.0
P00134,미니파이케어 웨이트(다이어트) 10개입,13500.0,9,5.0
P00214,(샘플) 딜라잇 low fat / low protein 스틱 샘플 (14g x 2개),2800.0,14,4.785714
P00118,[묶음 할인] (L) 덴티페어리 디스펜서584g - 32p,35000.0,13,5.0
P00135,미니파이케어 마우스(구강) 10개입,13500.0,16,4.9375
P00109,안티놀 래피드 30정,55000.0,55,4.945454
P00552,조공 보타닉 항산화제 (60캡슐),38000.0,12,4.916666
P00473,[묶음 할인]닥터트러스티 가스트로인테스티널(췌장염) 로우팻 동결건조 패티 스타터 (9g),5000.0,7,4.857142
P00206,가니쉬 동결건조 초록입홍합 50g,23900.0,3,5.0
P00236,미니파이케어 퓨어(담낭슬러지제거) 10개입,13500.0,18,4.888888
P00025,CET 이중효소 치약 바닐라민트맛 70g,20000.0,25,5.0
P00851,아더마스 플래닛 포크 (360g),32000.0,0,0.0
P00132,미니파이케어 하트(심장) 10개입,13500.0,16,4.875
P00725,지위픽 스팀드라이 소고기&호박 독 800G,53000.0,4,5.0
P00549,조공 rTG 레드 오메가-3 mini 통 (120캡슐),29500.0,16,5.0
P00588,동해형씨 레토르트 원물건조 전복 18g,5000.0,0,0.0
P00095,[유통기한 임박 할인] [묶음 할인] 코텍스 리퀴드 펌프 65ml (피부 영양제) (25/11/21까지),54000.0,12,4.916666
P00142,미니파이케어 브레스(호흡기) 10개입,13500.0,16,5.0
P00143,미니파이케어 리브(간건강) 10개입,13500.0,33,4.969696
P00870,아더마스  사슴 스튜 (180g),8500.0,0,0.0
P00896,아더마스 애플비트캐럿 치즈 (80g),12000.0,1,5.0
P00857,아더마스 피쉬볼 장어 (180g),20000.0,0,0.0
P00029,[묶음 할인] 뉴트리플러스겔 종합영양제 120.5g,20000.0,25,5.0
P00105,[묶음 할인] 이노캡스 LZ-13 60p (눈 영양제),33000.0,27,4.925925
P00515,페노비스 오큐틱 눈 귀 세정제,29900.0,2,5.0
P00871,아더마스 가자미&대구 스튜 (180g),8000.0,2,5.0
P00752,디어니스트키친 탈수건조 그레인프리 칠면조 907g,56000.0,3,5.0
P00888,아더마스 플랫져키 캥거루 (100g),17000.0,1,4.0
P00855,아더마스 미트볼 래빗 (180g),26000.0,0,0.0
P00440,[묶음 할인]뉴알엑스 진짜사슴져키 120g,5500.0,5,5.0
P00559,조공 이지케어 신장 (신장 건강),24900.0,5,4.6
P00358,유산균 3.0 60g(통),33000.0,14,5.0
P00204,가니쉬 동결건조 방울양배추 40g,18900.0,12,5.0
P00205,가니쉬 동결건조 오크라 25g,18900.0,9,5.0
P00128,촉촉사료 처방사료 심장 1kg,37700.0,7,4.714285
P00904,아더마스 발효 채소 (180g),16000.0,0,0.0
P00922,룰루키친 비프(소) 250G / 1KG,12500.0,0,0.0
P00856,아더마스 미트볼 캥거루 (180g),17000.0,1,5.0
P00874,아더마스 올데이 덕 패티 (100g),12500.0,0,0.0
P00744,디어니스트키친 클러스터 홀그레인 치킨&오트 2.27kg,55000.0,4,5.0
P00751,디어니스트키친 탈수건조 그레인프리 치킨 907g,55000.0,2,5.0
P00357,젠토닐 어드밴스 200mg 30정,66000.0,8,4.25
P00356,데일리케얼 리얼 rTG 오메가3 플러스 60정,29900.0,5,4.6
P00145,별자리스틱 관절 건강 15g x 4p,4000.0,3,5.0
P00146,별자리스틱 눈 건강 15g x 4p,4000.0,5,4.8
P00854,아더마스 미트볼 사슴 (180g),21000.0,0,0.0
P00432,[묶음 할인]뉴알엑스 후코이단 연어큐브 100g,5000.0,3,5.0
P00207,가니쉬 동결건조 야채믹스 50g,21500.0,13,4.76923
P00085,사이노퀸 미디움 타블릿 30p (관절 영양제),52000.0,17,4.941176
P00921,룰루키친 치킨(닭) 250G / 1KG,10500.0,0,0.0
P00966,진정성 CA 카르니틴 아르기닌 강아지 고양이 당뇨 다이어트 영양제,33000.0,9,5.0
P00887,아더마스 플랫져키 사슴 (100g),20500.0,1,5.0
P00730,아투 독 오리 1.5kg,44000.0,1,5.0
P00578,동해형씨 EASTREAT 하프 초록입홍합 70g,18000.0,1,5.0
P00769,스텔라앤츄이스 동결건조 미니 포크 디너패티 10g,3000.0,0,0.0
P00149,별자리스틱 간 건강 15g x 4p,4000.0,5,4.8
P00861,아더마스 본인볼 오골계 (180g),24000.0,0,0.0
P00519,미트팡 저알러지&눈물 연어&가수분해 오리 80g,3900.0,2,5.0
P00509,페노비스 벳 브레스 기관지 영양제 30정,34900.0,2,5.0
P00516,미트팡 관절&근육 소고기&돼지고기 80g,3900.0,2,5.0
P00672,웰케어 테라겔 DOG,30000.0,4,5.0
P00131,촉촉사료 버라이어티팩 1kg / 오일미포함,32000.0,19,5.0
P00127,촉촉사료 처방사료 신장 1kg / 오일미포함,39800.0,24,4.916666
P00123,촉촉사료 처방사료 심장 700g,27900.0,6,4.5
P00223,트릿트릭 리필 소고기맛 32p,12000.0,3,5.0
P00512,페노비스 벳 코엔자임Q10 심장 영양제 30캡슐,49900.0,3,5.0
P00136,미니파이케어 릴렉스(스트레스) 10개입,13500.0,14,5.0
P00808,파미나 N&D 오션 DOG 청어&오렌지 2.5kg MINI 알갱이,62000.0,0,0.0
P00747,디어니스트키친 탈수건조 그레인프리 LID 피쉬 1.81kg,130000.0,1,5.0
P00707,지위픽 에어드라이 사슴고기 독 1KG,124000.0,1,5.0
P00579,동해형씨 레토르트 원물건조 대구 15g,4500.0,0,0.0
P00201,동결건조 포크 패티 350g,82200.0,5,4.8
P00203,동결건조 비프 패티 350g,86100.0,8,5.0
P00657,페노비스 오랄벳 덴탈츄 대형견 60g  ,2900.0,5,5.0
P00931,오느루 못난이 야채 퓨레(20g*5EA),7000.0,1,5.0
P00893,아더마스 포크칩 (45g),12500.0,0,0.0
P00096,[묶음 할인] 칼멕스 독 (행동 영양제) 10p,26000.0,12,4.916666
P00433,[묶음 할인]뉴알엑스 후코이단 명태쫀득이 50g,5000.0,6,5.0
P00526,나투라다이어트 라이트(-10%칼로리) 3kg/12kg,49000.0,0,0.0
P00557,조공 이지케어 릴리프 (스트레스 케어),14900.0,1,4.0
P00558,조공 이지케어 데일리 프레쉬 (구취 제거),25000.0,3,4.666666
P00514,페노비스 오랄벳 치약,29900.0,5,5.0
P00311,유리네이드 60정,89000.0,9,5.0
P00312,덴티페어리 클로로필 410g (S) 56p,34000.0,4,5.0
P00180,터키앤비프 (칠면조&소) 1kg,55900.0,4,5.0
P00636,바프독 강아지 화식 닭 1kg (100g×10개입),46900.0,16,5.0
P00897,아더마스 블루베리 치즈 (80g),12000.0,0,0.0
P00867,아더마스 오리 치즈볼 (180g),17000.0,0,0.0
P00878,아더마스 플로팅 퓨레 01 (200g),15000.0,1,5.0
P00568,동해형씨 EASTREAT 동결건조 이스트릿 열빙어 125g,17000.0,3,5.0
P00580,동해형씨 레토르트 원물건조 연어 28g,4500.0,0,0.0
P00584,동해형씨 레토르트 원물건조 송어 21g,4500.0,0,0.0
P00712,지위픽 에어드라이 트라이프&양고기 독 1KG,86000.0,5,5.0
P00799,몬지 DOG 모노프로틴 올브리드 어덜트 토끼고기 2.5kg,46000.0,1,5.0
P00694,브랜바인 강아지 종합/피부 보조제 에코 72g,39900.0,0,0.0
P00716,지위픽 독 캔식품 트라이프&양고기 390G,9800.0,0,0.0
P00860,아더마스 본인볼 메추리 (180g),20000.0,0,0.0
P00361,[유통기한 임박 할인] 조인트 2.0 60g (유통기한 6개월 이상),32000.0,3,5.0
P00121,촉촉사료 처방사료 시니어 700g / 오일미포함,29400.0,19,4.947368
P00305,[유통기한 임박 할인] 뉴트리댕댕(눈&눈물) 100g (유통기한 6개월 이상),33000.0,0,0.0
P00058,더텐소프트 인섹트&알러지 반건조 사료 3kg,55000.0,25,4.84
P00639,노즈노우즈 크리스피 포크칩스 (돼지) 40g,8900.0,2,5.0
P00740,디어니스트키친 클러스터 그레인프리 스몰브리드 치킨 450g,18000.0,2,5.0
P00633,프로덴 플라그오프 미니 덴탈케어본 (혼합야채&블루베리),35000.0,4,5.0
P00634,프로덴 플라그오프 미니 덴탈케어본 (혼합야채),35000.0,7,4.857142
P00487,하루조이 행양행댕 산양유 펫밀크 100ml (10개입),22000.0,2,5.0
P00333,하루조이 행소행댕 펫밀크 100ml (10개입),18000.0,15,5.0
P00317,데일리케얼 리얼 브레스 기관지 영양제 120g,32800.0,9,4.888888
P00736,디어니스트키친 클러스터 홀그레인 스몰브리드 치킨&오트 450g,15000.0,1,5.0
P00731,아투 독 연어 1.5kg,42000.0,1,5.0
P00754,디어니스트키친 탈수건조 홀그레인 베이스믹스 1.36kg,60000.0,2,5.0
P00749,디어니스트키친 탈수건조 그레인프리 LID 칠면조 1.81kg,120000.0,3,5.0
P00836,벳액티브8 오메가-3 (360캡슐),69900.0,1,5.0
P00865,아더마스 캥거루 베지볼 (180g),17500.0,0,0.0
P00866,아더마스  치킨 치즈볼 (180g),16500.0,3,5.0
P00868,아더마스  포크 치즈볼 (180g),18000.0,0,0.0
P00679,브랜바인 햄프씨드 CBG 오일 30ml,45900.0,0,0.0
P00094, 코텍스 블리스터 60p (피부 영양제),38000.0,19,5.0
P00681,브랜바인 장 건강 천연 항생제 집중케어 유산균 파우더 120g,39900.0,1,5.0
P00177,[묶음할인] 타히보 이펫토s 150mg 60정,120000.0,12,4.666666
P00347,"장수 스프(닭, 버섯) 200ml×2",15900.0,2,5.0
P00184,"BARF,WHITE (사골큐브) 400g",15900.0,3,5.0
P00385,힐스 독 처방사료 metabolic 3.5kg 다이어트,87900.0,4,5.0
P00364,[유통기한 임박 할인] 덴탈핏츄 170g(17g*10ea) (유통기한 6개월 이상),17900.0,2,4.0
P00355,카미녹스 60ml 칼륨 보충제,38000.0,3,5.0
P00304,[유통기한 임박 할인] 뉴트리댕댕(기관지) 100g (유통기한 6개월 이상),33000.0,0,0.0
P00470,가니쉬 동결건조 굴 50g,23900.0,2,5.0
P00339,독 레날 스몰독 1.5kg 신장 처방사료,42500.0,2,5.0
P00517,미트팡 체중&면역 닭고기&메추리 80g,3900.0,4,5.0
P00493,닥터아나 제로 샴푸,32000.0,4,5.0
P00548,조공 딥브러쉬(14개입),14900.0,1,5.0
P00831,나우 프레쉬 스몰브리드 시니어 독 5.4kg,93000.0,0,0.0
P00148,별자리스틱 멀티 비타민 15g x 4p,4000.0,9,5.0
P00484,하루치카 스윗피치 덴탈스프레이 125ml,17500.0,2,5.0
P00235,[뼈/근육 & 장건강] 프로바이오틱스 J (30g),39000.0,2,4.0
P00727,지위픽 스팀드라이 양고기&야채 독 800G,53000.0,1,5.0
P00729,아투 독 치킨 1.5kg,42000.0,0,0.0
P00569,동해형씨 EASTREAT 동결건조 이스트릿 가자미 110g,17000.0,0,0.0
P00562,"조공 이지케어 헤어볼 (헤어볼, 식이섬유)",14900.0,0,0.0
P00732,아투 독 칠면조 1.5kg,44000.0,0,0.0
P00709,지위픽 에어드라이 고등어&양고기 독 1KG,94000.0,1,5.0
P00319,데일리케얼 스트롱 칼슘 관절 영양제 120g,29900.0,2,5.0
P00767,스텔라앤츄이스 동결건조 미니 터키 디너패티 10g,3000.0,1,5.0
P01003,조공 네덜란드 산양유 양갱 혼합 30P ,14900.0,0,0.0
P00886,아더마스 플랫져키 덕 (100g),16000.0,0,0.0
P00864,아더마스 오리 베지볼 (180g),16500.0,1,5.0
P00876,아더마스 치킨 져키 (80g),9000.0,1,5.0
P00889,아더마스 플랫져키 포크 (100g),16500.0,0,0.0
P00068,[묶음 할인] 장건강&비뇨 유산균 30p,25000.0,13,4.923076
P00683,브랜바인 관절 보조제 조인트가디언 220.5g,49900.0,0,0.0
P00415,[묶음 할인]시그니처바이 강아지 타히보 캔 닭고기&감자(8EA),12000.0,8,4.75
P00968,진정성 FE 철분 락토페린 강아지 고양이 빈혈 영양제,36000.0,8,5.0
P00879,아더마스 플로팅 퓨레 02 (200g),15000.0,0,0.0
P00862,아더마스 치킨 베지볼 (180g),16000.0,0,0.0
P00863,아더마스 포크 베지볼 (180g),17000.0,0,0.0
P00873,아더마스 올데이 치킨 패티 (100g),11000.0,1,5.0
P00566,동해형씨 EASTREAT 동결건조 이스트릿 북어 125g,17000.0,2,5.0
P00894,아더마스 스윗펌킨 치즈 (80g),12000.0,0,0.0
P00687,브랜바인 강아지 비염 기관지 보조제 135g,44900.0,0,0.0
P00643,노즈노우즈 크리스피 홀스칩 (말) 40g,9900.0,1,5.0
P00660,포켄스 덴티페어리 베트 VET 강아지 덴탈껌 S 50P,50000.0,8,4.5
P00632,제리스타일스 브레스 서플리먼트 파우치 153g,17000.0,5,5.0
P00645,옐로시스 Cym702 Pet 반려동물 소변검사 키트 (2개입),15000.0,1,5.0
P00635,프로덴 플라그오프 미니 덴탈케어본 (피넛버터&바나나),35000.0,5,5.0
P00586,동해형씨 레토르트 원물건조 양미리 30g,5000.0,0,0.0
P00585,동해형씨 레토르트 원물건조 열빙어 30g,5000.0,0,0.0
P00768,스텔라앤츄이스 동결건조 미니 치킨&연어 디너패티 퍼피 10g,3000.0,0,0.0
P00802,NHV 기관지 협착 레스프 에이드 100ml,83600.0,1,5.0
P00315,데일리케얼 리얼 루테인 눈 영양제 120g,29900.0,9,4.777777
P00800,몬지 DOG 벳솔루션 더마토시스 하이포알러제닉 2kg,46000.0,1,5.0
P00801,몬지 DOG 벳솔루션 오베시티 2kg,42000.0,2,5.0
P00483,하루조이 해피스틱 대용량 오래먹는 강아지 껌 (20개입),60000.0,6,5.0
P00798,몬지 DOG 내추럴 슈퍼프리미엄 미니 시니어 닭고기 3kg,46000.0,0,0.0
P00779,스텔라앤츄이스 동결건조 포크 디너패티 397g,65000.0,1,5.0
P00775,스텔라앤츄이스 동결건조 치킨 밀믹서 510g,74000.0,1,5.0
P00507,페노비스 벳 강아지 유산균 30포,29900.0,10,4.9
P00853,아더마스 미트볼 오리 (180g),16000.0,0,0.0
P00908,고 네이티브 스몰브리드 청어 1.5kg,33000.0,0,0.0
P00912,카루 강아지 데일리디쉬 연어&칠면조 스튜 340g,8500.0,0,0.0
P00051,[유통기한 임박 할인] 닥터퓌레 유리너리케어 방광/요로 영양제 14p (유통기한 6개월 이상),22000.0,4,5.0
P00151,별자리스틱 두뇌 건강 15g x 4p,4000.0,3,5.0
P00278,[유통기한 임박 할인] 영양제 힙 & 조인트 분말형(관절) (26/02/26까지),28000.0,2,5.0
P00137,미니파이케어 씨유(눈건강) 10개입,13500.0,6,4.833333
P00141,미니파이케어 하이드로(알러지) 10개입,13500.0,9,4.555555
P00231,프로바이오틱스 원395 유산균,32000.0,7,4.714285
P00553,조공 파이퍼 눈 보조제 (60캡슐),35000.0,2,5.0
P00337,독 레날 캔 410g,11500.0,4,5.0
P00323,데일리케얼 스킨앤코트 강아지 유산균 60g,29900.0,1,5.0
P00209,동결건조 포크 패티 150g,39000.0,3,5.0
P00892,아더마스 캥거루칩 (45g),13000.0,1,5.0
P00183,"BARF,RED (발효채소) 200g",16000.0,8,4.75
P00895,아더마스 그리니 치즈 (80g),12000.0,1,5.0
P00680,브랜바인 구강 덴탈 위 소화제 유산균 파우더 120g,42900.0,0,0.0
P00124,촉촉사료 처방사료 관절 700g / 오일미포함,27900.0,7,4.571428
P00208,동결건조 비프 패티 150g,43100.0,8,5.0
P00222,트릿트릭 리필 닭고기맛 32p,12000.0,3,5.0
P00238,댕댕카솔 보습크림(주황) 50g (동물용의약외품),34000.0,2,5.0
P01009,벳플러스 콤플리비트 150ml,38000.0,0,0.0
P00351,닥터웰릿 제이케어 3.0,25000.0,3,5.0
P00352,닥터웰릿 에스케어 3.0,25000.0,1,5.0
P00365,힐스 독 처방사료 l/d 1.5kg 간질환,36900.0,1,5.0
P00366,힐스 독 처방사료 k/d 3.85kg 신부전,88900.0,3,5.0
P00471,강아지 육수 브로스 토퍼 비프 본 280ml,16000.0,1,5.0
P00324,데일리케얼 리얼 내추럴 후코이단 강아지 영양제 30p,88000.0,6,4.666666
P00787,스텔라앤츄이스 오븐베이크 치킨 스몰브리드 키블 4.5kg,102000.0,0,0.0
P00063,더텐소프트 황태&에너지 반건조 사료 1kg,24000.0,17,5.0
P00314,뉴트리션트릿 관절&뼈 340g,25000.0,5,5.0
P00084,사이노퀸 라지 타블릿 30p (관절 영양제),62000.0,12,5.0
P00661,마이베프 생유베리마치 펫밀크 200ml (10개입),30000.0,9,5.0
P00766,스텔라앤츄이스 동결건조 미니 치킨 디너패티 10g,3000.0,0,0.0
P00561,"조공 이지케어 유리너리 (방광, 요로)",14900.0,3,5.0
P00554,조공 커큐젠 관절 보조제 (30캡슐),24000.0,1,5.0
P00297,[유통기한 임박 할인] 오랄케어 구강 영양제 60g (유통기한 6개월 이상),32000.0,4,4.75
P00354,노마웰릿 장&면역 유산균 영양 간식 캔디,12500.0,4,5.0
P00292,[유통기한 임박 할인] [리뉴얼] 아이즈 눈&면역 영양제 1.5g(40ea) (유통기한 6개월 이상),34000.0,1,5.0
P00295,"[리뉴얼] 브레스 기관지, 호흡기&면역 영양제 1.5g(40ea)",34000.0,3,4.0
P00452,[유통기한 임박 할인] 뉴알엑스AK 소화RX유산균 60P 180g (유통기한 6개월 이상),29000.0,1,5.0
P00602,에미넌트 독 처방사료 레날 유리너리 2.5kg 신장 요로,49000.0,1,4.0
P00560,"조공 이지케어 이너프 (올인원, 종합영양)",14900.0,4,5.0
P00555,조공 리뉴얼 프로바이오틱스 (30스틱),38000.0,2,5.0
P00814,케어사이드 메리큐 조인트 (관절 영양제),24000.0,0,0.0
P00138,미니파이케어 티유(종양관리) 10개입,13500.0,10,5.0
P00383,슬개골 따땃패드 프로,458000.0,3,5.0
P00486,데일리케얼 그린 프로폴리스 구강 항산화 영양제 180정,88000.0,1,5.0
P00535,데일리케얼 슈퍼리얼 아이즈 프로 눈 영양제 (60캡슐),39800.0,1,5.0
P00336,히어로 로켓펀치 손가락 패드 3개입,14800.0,1,4.0
P00678,브랜바인 프로바이오틱스 액상 30ml,31900.0,0,0.0
P00428,[묶음 할인]뉴알엑스 플라그어웨이 S 30P 240g,13700.0,0,0.0
P00859,아더마스 본인볼 홀치킨 (180g),19000.0,0,0.0
P01005,조공 네덜란드 산양유 양갱 장 4P,2500.0,0,0.0
P00504,페노비스 인캡슐 루테인 눈 영양제 90g,34900.0,0,0.0
P00494,닥터아나 그린티 미스트,21000.0,1,5.0
P00518,미트팡 피부&장 연어&참치&황태 80g,3900.0,2,5.0
P00409,시그니처바이 강아지 하이포 P/a(8EA),14000.0,7,5.0
P00682,브랜바인 심장 보조제 액상 하트 얼라이브 60ml,42900.0,0,0.0
P00686,브랜바인 눈/눈물 보조제 루테인 정상 체중용 117g,44900.0,0,0.0
P00689,브랜바인 비타민A 요로결석 신장 보조제 117g,42900.0,0,0.0
P00717,지위픽 독 캔식품 고등어&양고기 390G,9800.0,0,0.0
P00656,페노비스 오랄벳 덴탈츄 중소형견 240g ,15900.0,7,5.0
P00697,브랜바인 수명 연장 노화 억제 엔에이디 셀벳 54g,49900.0,0,0.0
P00698,브랜바인 천연스테로이드/항생제 엔케이티 셀벳 54g,49900.0,0,0.0
P00642,노즈노우즈 크리스피 캉가칩 (캥거루) 40g,9900.0,4,5.0
P00640,노즈노우즈 크리스피 비프칩 (소) 40g,8900.0,2,5.0
P00622,메디코펫 데일리 덴탈바 조인트 14개입,18000.0,3,5.0
P00572,동해형씨 EASTREAT 하프 북어 트릿 60g,11000.0,1,5.0
P00567,동해형씨 EASTREAT 동결건조 이스트릿 연어 120g,17000.0,0,0.0
P00818,아카나 라이트 앤 피트 레시피 독 6KG,91000.0,0,0.0
P00793,스텔라앤츄이스 오븐베이크 화이트피쉬 키블 10kg,185000.0,0,0.0
P00748,디어니스트키친 탈수건조 그레인프리 LID 오리 1.81kg,130000.0,0,0.0
P00803,NHV 간 신장 보호 밀크씨슬 100ml,81400.0,0,0.0
P00805,NHV 결석 신부전 보조제 트립시 100ml,83600.0,1,3.0
P00840,벳액티브8 조인트헬스 플러스 관절보조제 180캡슐,89000.0,0,0.0
P00841,벳액티브8 엔엠엔 포르테 60캡슐,66000.0,2,5.0
P00929,오느루 유산균 발효채소(60g*2EA),15000.0,1,5.0
P00770,스텔라앤츄이스 동결건조 연어&대구 밀믹서 226g,44000.0,0,0.0
P00771,스텔라앤츄이스 동결건조 연어&대구 밀믹서 510g,74000.0,1,5.0
P00780,스텔라앤츄이스 오븐베이크 치킨 스몰브리드 키블 100g,4500.0,1,4.0
P00750,디어니스트키친 탈수건조 그레인프리 베이스믹스 1.36kg,68000.0,0,0.0
P00321,데일리케얼 멀티밸런스 종합 영양제 120g,34800.0,13,4.923076
P00807,파미나 N&D 엔세스트럴 DOG 닭고기&석류 2.5kg MINI 알갱이,46000.0,0,0.0
P00898,아더마스 베지팩 단호박 (120g),11000.0,0,0.0
P00883,아더마스 플로팅 퓨레 06 (200g),15000.0,0,0.0
P00880,아더마스 플로팅 퓨레 03 (200g),15000.0,0,0.0
P00890,아더마스 플랫져키 비프 (100g),18500.0,1,5.0
P00885,아더마스 베이크 그린홍합 (120g),14000.0,2,5.0
P00227,스테고 덴탈 트릿,21000.0,6,5.0
P00011,[묶음 할인] 플렉사딘 어드밴스 30p (관절관리 영양제),45000.0,18,5.0
P00047,슬개골 따땃망토,140000.0,20,4.9
P00048,슬개골 따땃패드,200000.0,18,4.888888
P00031,[묶음 할인] 루비날 75mg 60정,46500.0,31,4.903225
P00536,데일리케얼 슈퍼리얼 브레스 프로 기관지 영양제 (60캡슐),39800.0,0,0.0
P00363,[유통기한 임박 할인] 신장과요로계 80g (유통기한 6개월 이상),38000.0,2,5.0
P00449,뉴알엑스 닥터올인원 30P 240g,16000.0,0,0.0
P00450,뉴알엑스 활력RX올인원 60P 180g,29000.0,0,0.0
P00446,뉴알엑스 닥터장건강 240g,16000.0,0,0.0
P00293,스킨앤코트 피부.피모&면역 영양제 60g,32000.0,2,5.0
P00294,[유통기한 임박 할인] [리뉴얼] 조인트 관절&면역 영양제 1.5g(40ea) (유통기한 6개월 이상),34000.0,1,5.0
P00359,유산균 3.0 60g(스틱포),35000.0,5,5.0
P00476,[유통기한 임박 할인] 브레스 60g (유통기한 6개월 이상),33000.0,2,5.0
P00232,[피부 & 장건강] 프로바이오틱스 S (30g),45000.0,2,5.0
P00298,식물성 오메가-3,32000.0,8,4.75
P00556,조공 리뉴얼 헤어볼과 식이섬유 (30스틱),12000.0,3,5.0
P00388,힐스 독 처방사료 u/d 3.85kg 비뇨기,86100.0,0,0.0
P00416,[묶음 할인]시그니처바이 강아지 타히보 캔 연어&참치(8EA),12000.0,2,5.0
P00349,닥터웰릿 에이치케어 3.0,25000.0,3,5.0
P00505,페노비스 인캡슐 글루코사민 관절 영양제 90g,34900.0,0,0.0
P00506,페노비스 인캡슐 포스트바이오틱스 90g,34900.0,1,5.0
P00520,미트팡 종합케어(세븐플러스) 돼지고기&오리고기 80g,3900.0,3,5.0
P00060,더텐소프트 연어&스킨 반건조 사료 3kg,55000.0,10,4.9
P00062,더텐소프트 비프&조인트 반건조 사료 3kg,55000.0,7,5.0
P00980,오리젠 퍼피 2kg,43000.0,0,0.0
P00600,로즈힙 바이탈 케이나인 150g / 500g,39500.0,11,5.0
P00477,데일리케얼 Mini 브레스 기관지 영양제 66g,21800.0,1,5.0
P00479,데일리케얼 Mini 멀티밸런스 종합 영양제 66g,22800.0,2,5.0
P00784,스텔라앤츄이스 오븐베이크 치킨 키블 100g,4500.0,0,0.0
P00472,강아지 육수 브로스 토퍼 폴락 280ml,16000.0,1,5.0
P00211,동결건조 비프 패티 스타터 9g,3500.0,6,4.833333
P00353,닥터웰릿 이케어 3.0,25000.0,2,5.0
P00300,프리미엄 터키(칠면조 단일) 1kg (100g×10팩),53900.0,6,5.0
P00301,프리미엄 램(양 단일) (100g×10팩),58900.0,6,4.666666
P00881,아더마스 플로팅 퓨레 04 (200g),15000.0,0,0.0
P00875,아더마스 올데이 포크 패티 (100g),13500.0,2,5.0
P01006,조공 네덜란드 산양유 양갱 관절 4P,2500.0,0,0.0
P01004,조공 네덜란드 산양유 양갱 피모 4P ,2500.0,0,0.0
P01019,스텔라앤츄이스 동결건조 포크 밀믹서 510g,75000.0,0,0.0
P01020,스텔라앤츄이스 케이지 프리 치킨 스튜 311g,9500.0,0,0.0
P00774,스텔라앤츄이스 동결건조 치킨 밀믹서 226g,44000.0,0,0.0
P00743,디어니스트키친 클러스터 홀그레인 치킨&오트 450g,15000.0,0,0.0
P00776,스텔라앤츄이스 동결건조 터키 디너패티 397g,64000.0,4,5.0
P00777,스텔라앤츄이스 동결건조 터키 밀믹서 510g,74000.0,0,0.0
P00708,지위픽 에어드라이 양고기 독 1KG,86000.0,1,5.0
P00706,누터스가든 관절 다이어트 강아지사료 치킨&대구 독 2kg,35900.0,1,5.0
P00849,인스팅트 생식본능 오리지날 독 키블 1.8kg,42000.0,1,5.0
P00838,벳액티브8 조인트케어 커큐민 관절보조제 30ml,48000.0,1,5.0
P00924,룰루파마 오메가3 강아지 고양이 영양제 250mg 60캡슐,21500.0,0,0.0
P00792,스텔라앤츄이스 오븐베이크 화이트피쉬 키블 100g,4500.0,0,0.0
P00822,아카나 프리런 덕 독 6KG,108000.0,2,5.0
P00828,나우 프레쉬 스몰브리드 어덜트 독 2.7kg,53000.0,1,5.0
P00829,나우 프레쉬 스몰브리드 어덜트 독 5.4kg,93000.0,2,5.0
P00830,나우 프레쉬 스몰브리드 시니어 독 2.7kg,53000.0,1,5.0
P00820,아카나 어덜트 스몰브리드 독 6KG,90000.0,0,0.0
P00592,동해형씨 원물건조 방어 수제간식 75g,12900.0,0,0.0
P00615,청담닥터스랩 데일리솔루션 스킨&코트 2kg,33000.0,0,0.0
P00589,동해형씨 원물건조 대구 수제간식 40g,12900.0,0,0.0
P00605,에미넌트 독 처방사료 파이버 밸런스 2.5kg 당뇨,51000.0,1,5.0
P00597,동해형씨 원물건조 가오리 수제간식 60g,12900.0,0,0.0
P00596,동해형씨 원물건조 양미리 수제간식 65g,12900.0,1,5.0
P00655,페노비스 바이탈코어 시니어 사료 1kg,34900.0,6,5.0
P00705,누터스가든 피부 모질 장건강 강아지사료 오리&대구 독 2kg,35900.0,1,5.0
P00900,아더마스 베지팩 고구마 (120g),11000.0,0,0.0
P00650,스페시픽 CRD-2 체중유지 / 당뇨 처방사료 1.6kg,28000.0,6,5.0
P00676,웰케어 더블 브러쉬 18개입,26000.0,0,0.0
P00726,지위픽 스팀드라이 닭고기&과일 독 800G,53000.0,0,0.0
P00677,자만츄 하이포 S 다이제 덴탈츄,15000.0,0,0.0
P00685,브랜바인 눈/눈물 보조제 루테인 과체중용 117g,44900.0,0,0.0
P00704,누터스가든 눈건강 저알러지 강아지사료 연어&대구 독 2kg,36900.0,2,5.0
P00899,아더마스 베지팩 시금치 (120g),11000.0,0,0.0
P00701,브랜바인 입냄새 구취 제거 치약 T7 110ml,18900.0,0,0.0
P00684,브랜바인 간 보조제 밀크씨슬 60ml,38900.0,0,0.0
P00649,스페시픽 CRD-1-XS 체중감량 / 췌장염 / 당뇨 처방사료 스몰키블 1.6kg,28000.0,3,5.0
P00647,스페시픽 CKD-XS 심장 / 신장 처방사료 스몰키블 2kg,29000.0,2,5.0
P00648,스페시픽 CID 위장관질환 처방사료 2kg,30000.0,3,5.0
P00693,브랜바인 골밀도 IP6 보조제 아이오넬-6 87.5g,49900.0,0,0.0
P00654,페노비스 바이탈코어 어덜트 사료 1kg,34900.0,6,5.0
P00641,노즈노우즈 크리스피 터키칩 (칠면조) 40g,8900.0,1,5.0
P00637,바프독 강아지 화식 칠면조 1kg (100g×10개입),62900.0,2,5.0
P00638,바프독 강아지 화식  양 1kg (100g×10개입),71900.0,6,5.0
P00598,동해형씨 원물건조 전복 수제간식 40g,16900.0,1,5.0
P00599,동해형씨 레토르트 원물건조 대왕연어 300g,37900.0,0,0.0
P00607,에미넌트 독 처방사료 스트루바이트 2.5kg 요로 결석,48000.0,0,0.0
P00608,에미넌트 독 처방사료 카디오 2.5kg 심장,48000.0,1,5.0
P00610,에미넌트 연어 오일 액티브,28000.0,0,0.0
P00590,동해형씨 원물건조 연어 수제간식 85g,12900.0,1,5.0
P00573,동해형씨 EASTREAT 하프 연어 트릿 60g,11000.0,0,0.0
P00574,동해형씨 EASTREAT 하프 가자미 트릿 55g,11000.0,1,5.0
P00594,동해형씨 원물건조 송어 수제간식 65g,12900.0,0,0.0
P00603,에미넌트 독 처방사료 모빌리티 2.5kg 관절,51000.0,0,0.0
P00587,동해형씨 레토르트 원물건조 가오리 30g,5000.0,0,0.0
P00582,동해형씨 레토르트 원물건조 방어 25g,4500.0,0,0.0
P00583,동해형씨 레토르트 원물건조 잡어 28g,4500.0,0,0.0
P00616,청담닥터스랩 데일리솔루션 지아이&프로바이오틱스 2kg,33000.0,0,0.0
P00617,청담닥터스랩 데일리솔루션 아이&브레인 2kg,33000.0,0,0.0
P00618,청담닥터스랩 데일리솔루션 멀티&덴탈 2kg,33000.0,0,0.0
P00619,반려다움 조인트 서포트 15개입,21000.0,0,0.0
P00614,청담닥터스랩 데일리솔루션 조인트&웨이트 2kg,33000.0,0,0.0
P00593,동해형씨 원물건조 잡어 수제간식 85g,12900.0,0,0.0
P00595,동해형씨 원물건조 열빙어 수제간식 70g,12900.0,0,0.0
P00620,반려다움 클리어 아이즈 15개입,21000.0,0,0.0
P00621,반려다움 프로바이오틱스 30개입,27900.0,0,0.0
P00624,메디코펫 데일리 덴탈바 가스트로인테스티날 14개입,18000.0,2,4.5
P00623,메디코펫 데일리 덴탈바 스킨코트앤이어 14개입,18000.0,3,5.0
P00625,메디코펫 데일리 덴탈바 아이브레인리버 14개입,18000.0,2,5.0
P00626,메디코펫 데일리 덴탈바 레날앤카디악 14개입,18000.0,2,5.0
P00631,제리스타일스 프로바이오틱 서플리먼트 파우치 153g,17000.0,2,5.0
P00821,아카나 요크셔 포크 독 6KG,92000.0,0,0.0
P00819,아카나 어덜트 레시피 독 6KG,90000.0,0,0.0
P00812,"파미나 N&D 화이트 DOG 농어, 스피룰리나, 펜넬 2kg MINI 알갱이",62000.0,0,0.0
P01018,스텔라앤츄이스 동결건조 꼬마 포크 밀믹서 50g,14000.0,0,0.0
P00788,스텔라앤츄이스 오븐베이크 케이비 프리치킨 키블 퍼피 1.6kg,50000.0,0,0.0
P00789,스텔라앤츄이스 오븐베이크 케이비 프리치킨 키블 퍼피 100g,4500.0,0,0.0
P00790,스텔라앤츄이스 오븐베이크 케이비 프리치킨 키블 퍼피 4.5kg,102000.0,0,0.0
P00791,스텔라앤츄이스 오븐베이크 화이트피쉬 키블 1.6kg,50000.0,0,0.0
P00804,NHV 통증 개선 터메릭 100ml,83600.0,0,0.0
P00925,룰루파마 오메가3 강아지 고양이 영양제 100mg 60캡슐,15500.0,0,0.0
P00847,인스팅트 생식본능 로 부스트 치킨 독 키블 1.8kg,50000.0,0,0.0
P00848,인스팅트 생식본능 로 부스트 헬시 웨이트 독 키블 1.8kg,54000.0,0,0.0
P00839,벳액티브8 조인트헬스 플러스 관절보조제 60캡슐,44000.0,0,0.0
P00510,페노비스 벳 판크레아틴 췌장 영양제 30캡슐,49900.0,5,5.0
P00928,오느루 음수량 보충 무항생제 흑돼지 사골(60g*3EA),7900.0,0,0.0
P00932,오느루 빨강 야채 퓨레(20g*5EA),7300.0,0,0.0
P00930,오느루 야채 퓨레 샘플(20g*4EA),6000.0,0,0.0
P00710,지위픽 에어드라이 닭고기 독 1KG,84000.0,0,0.0
P00778,스텔라앤츄이스 동결건조 퍼피 디너패티 397g,64000.0,0,0.0
P00772,스텔라앤츄이스 동결건조 치킨 디너패티 397g,64000.0,0,0.0
P00773,스텔라앤츄이스 동결건조 치킨 디너패티 709g,103000.0,0,0.0
P00938,포포네 오리울대 20g,6800.0,0,0.0
P00939,포포네 촉촉한 야채믹스 테린 치킨 (70g*4pcs SET),14400.0,0,0.0
P00940,포포네 촉촉한 야채믹스 테린 오리 (70g*4pcs SET),16400.0,0,0.0
P00941,포포네 촉촉한 야채믹스 테린 돼지 (70g*4pcs SET),17200.0,0,0.0
P00942,포포네 촉촉한 야채믹스 테린 캥거루 (70g*4pcs SET),18400.0,0,0.0
P00943,포포네 에그미트볼 소 (30g*5pcs SET),10500.0,0,0.0
P00944,포포네 에그미트볼 양 (30g*5pcs SET),11500.0,0,0.0
P00945,포포네 에그미트볼 오리 (30g*5pcs SET),10500.0,0,0.0
P00946,포포네 에그미트볼 말 (30g*5pcs SET),11500.0,0,0.0
P00947,포포네 에그미트볼 캥거루 (30g*5pcs SET),12500.0,0,0.0
P00948,포포네 퓨어퓨레 01 green (25g x 12ea),19500.0,0,0.0
P00949,포포네 퓨어퓨레 02 yellow (25g x 12ea),19500.0,0,0.0
P00950,포포네 퓨어퓨레 03 purple (25g x 12ea),19500.0,0,0.0
P00951,포포네 퓨어퓨레 3종 MIX (25g x 12ea),19500.0,0,0.0
P00956,포포네 단호박 코코넛 파운드 (50g*시금치 2pcs+케롭 2pcs SET),12000.0,0,0.0
P00957,"포포네 주식 포포밀 돼지 (120g*3P SET, 360g)",24000.0,0,0.0
P00960,"포포네 주식 포포밀 오리 (120g*3P SET, 360g)",22500.0,0,0.0
P00961,"포포네 주식 포포밀 양 (120g*3P SET, 360g)",24000.0,0,0.0
P00962,"포포네 주식 포포밀 말 (120g*3P SET, 360g)",24000.0,0,0.0
P00563,"조공 이지케어 오메가-3 (피부, 피모)",14900.0,1,5.0
P01008,조공 꿀홍삼 터키츄 링 10g,3400.0,0,0.0
P01007,조공 꿀홍삼 터키츄 스틱 30g,7400.0,0,0.0
P00952,포포네 웜팟 WARM POT 01 터키&치킨 스튜 (200g),7500.0,0,0.0
P00953,포포네 웜팟 WARM POT 02 치킨스톡 (25g x 10ea),14000.0,0,0.0
P00954,포포네 웜팟 WARM POT 03 연어스프 (25g x 10ea),17000.0,0,0.0
P00955,포포네 소고기 브라우니 (50g*3pcs SET),12000.0,0,0.0
P00958,"포포네 주식 포포밀 소 (120g*3P SET, 360g)",25500.0,0,0.0
P00959,"포포네 주식 포포밀 치킨 (120g*3P SET, 360g)",21000.0,0,0.0
P00882,아더마스 플로팅 퓨레 05 (200g),15000.0,0,0.0
P00884,아더마스 베이크 치킨 (120g),10500.0,0,0.0
P00877,아더마스 치킨핏 져키 (55g),12000.0,0,0.0
P00185,Tumeric SUPER CUBE (강황큐브) 100g,15500.0,5,5.0
P00299,프리미엄 치킨(닭 단일) 1kg (100g×10팩),39900.0,7,5.0
P00627,제리스타일스 알러스킨 서플리먼트 파우치 153g,17000.0,3,5.0
P00629,제리스타일스 조인트 서플리먼트 파우치 153g,17000.0,3,5.0
P00630,제리스타일스 아이즈 서플리먼트 파우치 153g,17000.0,3,5.0
P00646,스페시픽 COD-HY 가수분해 / 오메가 플러스 처방사료 2kg,38000.0,2,5.0
P00130,촉촉사료 처방사료 관절 1kg / 오일미포함,37700.0,4,5.0
P00182,램앤비프 (양&소) 1kg,64900.0,3,5.0
P00162,촉촉사료 처방사료 피부 700g,29100.0,3,5.0
P00926,오느루 음수량 보충 무항생제 닭발 사골(60g*3EA),7000.0,0,0.0
P00927,오느루 음수량 보충 무항생제 오리 사골(60g*3EA),7500.0,0,0.0
P00963,"포포네 주식 포포밀 생선 (120g*3P SET, 360g)",27000.0,0,0.0
P00475,[묶음 할인]닥터트러스티 다이아베틱(당뇨) 동결건조 패티 스타터 (9g),5000.0,5,4.8
P00210,동결건조 포크 패티 스타터 9g,3500.0,5,4.8
P00228,뼈다귀 덴탈 트릿,19000.0,1,5.0
P00391,힐스 독 처방사료 j/d 3.85kg 관절,86500.0,0,0.0
P00226,미니 공룡 핑크 덴탈 트릿,16000.0,7,5.0
P00891,아더마스 비프칩 (45g),15000.0,3,5.0
P00785,스텔라앤츄이스 오븐베이크 치킨 키블 10kg,185000.0,0,0.0
P00786,스텔라앤츄이스 오븐베이크 치킨 스몰브리드 키블 1.6kg,50000.0,0,0.0
P00327,하루치카 스틱츄 갈퀴형 덴탈껌 14개입,12800.0,1,5.0
P00328,하루치카 버블츄 소형 톱니형 덴탈껌 21개입,12800.0,0,0.0
P00329,하루치카 버블츄 중대형 톱니형 덴탈껌 12개입,12800.0,2,5.0
P00330,천연 티트리88 이어클리너 120ml,14500.0,2,5.0
P00064,더텐소프트 황태&에너지 반건조 사료 3kg,55000.0,13,5.0
P00065,더텐소프트 가바&릴렉스 반건조 사료 1kg,25000.0,16,5.0
P00316,데일리케얼 Mini 루테인 눈 영양제 66g,19900.0,3,4.666666
P00781,스텔라앤츄이스 오븐베이크 로우블렌드 키블 1.6kg,52000.0,0,0.0
P00782,스텔라앤츄이스 오븐베이크 로우블렌드 키블 100g,5000.0,0,0.0
P00783,스텔라앤츄이스 오븐베이크 로우블렌드 키블 10kg,185000.0,0,0.0
P00482,하루조이 해피스틱 오래먹는 강아지 껌 L (3개입),21600.0,0,0.0
P00485,데일리케얼 유리나 컨트롤 신장 영양제 30p,29900.0,0,0.0
P00478,데일리케얼 Mini 칼슘 관절 영양제 66g,19900.0,1,5.0
P00609,에미넌트 연어 오일 바이탈,28000.0,0,0.0
P00981,오리젠 피트 앤 트림 독 2kg,43500.0,0,0.0
P00903,아더마스 베지팩 블루베리 (120g),11000.0,0,0.0
P00977,오리젠 시니어 독 2kg,43000.0,0,0.0
P00978,오리젠 오리지날 독 2kg,43500.0,0,0.0
P00933,오느루 노랑 야채 퓨레(20g*5EA),7300.0,0,0.0
P00934,오느루 보라 야채 퓨레(20g*5EA),7800.0,0,0.0
P00763,스텔라앤츄이스 동결건조 꼬마 연어&대구 밀믹서 50g,13000.0,0,0.0
P00764,스텔라앤츄이스 동결건조 꼬마 치킨 밀믹서 50g,13000.0,0,0.0
P00765,스텔라앤츄이스 동결건조 꼬마 터키 밀믹서 50g,13000.0,0,0.0
P00045,반려견 슬개골 보호대 (왼쪽),138000.0,3,3.666666
P00046,반려견 슬개골 보호대 (오른쪽),138000.0,2,3.0
P00073,대형견 전용 슬개골 보호대 (왼쪽),185000.0,2,5.0
P00074,대형견 전용 슬개골 보호대 (오른쪽),185000.0,3,5.0
P00382,슬개골 따땃망토 프로,238000.0,1,5.0
P00338,독 레날 2kg 신장 처방사료,46900.0,1,4.0
P00405,베토퀴놀 이파키틴 60g,36500.0,0,0.0
P00502,페노비스 강아지 관절 영양제 30p,35000.0,0,0.0
P00480,데일리케얼 이지하이드 트릿 강아지 필포켓 30p,15000.0,2,5.0
P00481,하루조이 해피스틱 오래먹는 강아지 껌 M (5개입),21600.0,1,5.0
P00690,브랜바인 비타민B5 요로결석 신장 보조제 117g,42900.0,0,0.0
P00691,브랜바인 인지장애 보조제 노화 항산화제 90ml,45900.0,0,0.0
P00692,브랜바인 골밀도 칼슘 보조제 아이오넬 109.5g,49900.0,0,0.0
P00974,오리젠 6 피쉬 독 2kg,46500.0,0,0.0
P00674,웰케어 마이뷰 DOG 300ml,20000.0,0,0.0
P00521,페노비스 강아지 간식 투약보조 필포켓 120g,9900.0,1,4.0
P00503,페노비스 강아지 종합 영양제 30p,45000.0,0,0.0
P00286,오리진 동충하초 면역 영양제(가수분해_닭고기) 1개월분 240g,35000.0,4,5.0
P00412,시그니처바이 강아지 하이포 A/a(8EA),14000.0,4,5.0
P00935,포포네 가지가지비스킷 치킨 40g,7000.0,0,0.0
P00936,포포네 가지가지비스킷 칠면조 40g,7500.0,0,0.0
P00937,포포네 영양듬뿍 오리 에너지바 8ea,7500.0,0,0.0
P00845,인스팅트 생식본능 BE 내추럴 연어 현미 독 키블 1kg,22000.0,0,0.0
P00846,인스팅트 생식본능 LID 연어 독 키블 1kg,28000.0,0,0.0
P00513,페노비스 벳 루테인 눈 영양제 30캡슐,49900.0,3,5.0
P00378,[유통기한 임박 할인] 바이오서포트 락토자임 100g (유통기한 6개월 이상),36000.0,1,5.0
P00379,[유통기한 임박 할인] 바이오서포트 아이즈 100g (유통기한 6개월 이상),36000.0,0,0.0
P00380,바이오서포트 브레스 100g,36000.0,2,5.0
P00454,바이오서포트 스킨앤코트 100g,36000.0,0,0.0
P00455,바이오서포트 조인트 100g,36000.0,2,5.0
P00511,페노비스 벳 글루코사민 관절 영양제 30캡슐,49900.0,1,5.0
P00233,[체중조절 & 장건강] 프로바이오틱스 D (30g),39000.0,7,5.0
P00234,[두뇌 & 장건강] 프로바이오틱스 C (30g),45000.0,2,4.5
P00291,[리뉴얼] 키토바이오틱스 장&면역 유산균 영양제 1.5g(40ea),34000.0,1,5.0
P00360,[유통기한 임박 할인] 아이즈 2.0 60g (유통기한 6개월 이상),35000.0,0,0.0
P00296,레날&유리너리 신장 영양제 60g,32000.0,6,4.833333
P00901,아더마스 베지팩 당근 (120g),11000.0,0,0.0
P00902,아더마스 베지팩 캐롭 (120g),11000.0,0,0.0
P00451,뉴알엑스 관절RX조인트 60P 180g,29000.0,1,5.0
P00529,나투라다이어트 피쉬앤라이스 미니 3kg,52000.0,0,0.0
P00565,픽키도기클럽 필바이츠 45g x 5스틱,6800.0,5,5.0
P00528,나투라다이어트 데일리푸드 미니 3kg,49000.0,0,0.0
P00442,뉴알엑스 신장&요로 처방보조제30P 150g,20000.0,3,5.0
P00443,뉴알엑스 심장 처방보조제30P 150g,20000.0,1,5.0
P00362,[유통기한 임박 할인] 스킨앤코트 2.0 60g (유통기한 6개월 이상),35000.0,0,0.0
P00815,케어사이드 콘드로프로텍 60정 (관절 영양제),24500.0,0,0.0
P00106,[묶음 할인]이노캡스 CQ-10 60p (심장 영양제),33000.0,19,5.0
P00813,케어사이드 메리큐 액티베이션 60정 (두뇌 발달 영양제),23000.0,0,0.0
P00537,데일리케얼 슈퍼리얼 조인트 프로 관절 영양제 (60캡슐),39800.0,0,0.0
P00538,데일리케얼 리포좀 후코이단 프로 강아지 항산화 영양제 30정,90000.0,2,5.0
P00334,하루치카 바르는 치약 딸기향 60g,12800.0,0,0.0
P00335,하루치카 바르는 치약 메론향 60g,12800.0,0,0.0
P00463,클리닉스 뉴로제닉스,54500.0,0,0.0
P00465,클리닉스 파이토맥스 cx(캡슐) & lx(시럽),133500.0,0,0.0
P00381,연장 벨트,5000.0,1,5.0
P00066,장건강&피부 유산균 30p,25000.0,19,5.0
P00067,장건강&구강 유산균 30p,25000.0,11,4.818181
P00069,[묶음 할인] 장건강&관절 유산균 30p,25000.0,13,5.0
P00458,클리닉스 메가3A,39900.0,0,0.0
P00737,디어니스트키친 파테 원팟스튜 연어&치킨 298g,6500.0,3,5.0
P00756,디어니스트키친 붓처블락 파테 치킨&수퍼그린 298g,6500.0,4,5.0
P00758,"디어니스트키친 붓처블락 파테 터키,덕&뿌리야채 298g",6500.0,7,5.0
P00757,디어니스트키친 붓처블락 파테 칠면조&가을채소 298g,6500.0,6,5.0
P00421,자이목스 오라틴 투스페이스트 겔,24900.0,21,4.904761
P00422,자이목스 오라틴 안티셉틱 오랄,22500.0,13,4.923076
P00739,디어니스트키친 클러스터 그레인프리 치킨 2.27kg,64000.0,1,5.0
P00755,디어니스트키친 탈수건조 홀그레인 칠면조 907g,52000.0,3,5.0
P00745,디어니스트키친 클러스터 홀그레인 스몰브리드 치킨&오트 1.81kg,55000.0,3,5.0
P00741,디어니스트키친 클러스터 그레인프리 스몰브리드 치킨 1.81kg,64000.0,2,5.0
P00113,그리니즈 티니340g,26000.0,2,5.0
P00147,별자리스틱 심장 건강 15g x 4p,4000.0,5,5.0
P00389,힐스 독 처방사료 z/d 3.17kg 식이알러지,91500.0,7,5.0
P00738,디어니스트키친 클러스터 그레인프리 치킨 450g,18000.0,0,0.0
P00746,디어니스트키친 클러스터 그레인프리 터키 450g,18000.0,1,5.0
P00390,힐스 독 처방사료 h/d 1.5kg 심혈관,36900.0,1,5.0
P00387,힐스 독 처방사료 i/d 3.17kg 소화기,76900.0,2,5.0
P00906,고 네이티브 스몰브리드 오리 1.5kg,31000.0,1,5.0
P00907,고 네이티브 스몰브리드 치킨 1.5kg,31000.0,1,5.0
P00342,힐스 독 처방사료 c/d 3.85kg 방광결석,85900.0,12,4.916666
P00384,힐스 독 처방사료 w/d 3.85kg 당뇨,85900.0,5,5.0
P00659,페노비스 겔플러스 투약보조제 30포,24900.0,3,5.0
P00742,디어니스트키친 클러스터 그레인프리 터키 2.27kg,68000.0,0,0.0
P00408,[묶음 할인]시그니처바이 강아지 P/a(8EA),12000.0,11,4.90909
P00417,[묶음 할인]시그니처바이 강아지 타히보 캔 칠면조&오리(8EA),12000.0,5,4.8
P00414,[묶음 할인]시그니처바이 강아지 타히보 캔 소고기&명태살(8EA),12000.0,8,4.75
P00628,제리스타일스 덴탈 서플리먼트 파우치 153g,17000.0,6,5.0
P00280,[유통기한 임박 할인] 영양제 레날 분말형(신장) (26/02/26까지),44000.0,0,0.0
P00386,"힐스 독 처방사료 GI Biome 3.17kg 소화기(섬유소, 유산균)",83900.0,10,4.9
P00728,아투 퍼피 연어 1.5kg,42000.0,1,5.0
P00753,디어니스트키친 탈수건조 그레인프리 피쉬 1.81kg,130000.0,6,5.0
P00411,[묶음 할인]시그니처바이 강아지 A/a(8EA),12000.0,8,5.0
P00905,고 네이티브 스몰브리드 연어 1.5kg,31000.0,0,0.0
P00976,오리젠 스몰브리드 독 1.8kg,39000.0,0,0.0
P00459,클리닉스 듀오플렉스,39900.0,1,5.0
P00844,인스팅트 생식본능 BE 내추럴 독 키블 1kg,19000.0,0,0.0
P00591,동해형씨 원물건조 도치 수제간식 50g,12900.0,0,0.0
P00606,에미넌트 독 처방사료 헤파틱 2.5kg 간,49000.0,1,4.0
P00575,동해형씨 EASTREAT 하프 방어 트릿 60g,15000.0,0,0.0
P00604,에미넌트 독 처방사료 하이포알러제닉 2.5kg 알러지,52000.0,2,5.0
P00581,동해형씨 레토르트 원물건조 도치 20g,4500.0,0,0.0
P00570,동해형씨 EASTREAT 동결건조 이스트릿 방어 185g,25000.0,0,0.0
P00571,동해형씨 EASTREAT 동결건조 이스트릿 양미리 100g,17000.0,0,0.0
P00842,벳액티브8 오메가-3 (90캡슐),31900.0,0,0.0
P00843,벳액티브8 신바이오틱 부스트 유산균 250g,68900.0,0,0.0
P00341,힐스 독 처방사료 i/d low fat 3.85kg 췌장,88900.0,14,5.0
P00225,트릿트릭 리필 오리&인섹트맛 32p,12000.0,5,5.0
P00456,클리닉스 프로 5A DOG,58100.0,4,4.5
P00018,[묶음 할인] 질켄 225mg 중대형견 분리불안 (30캡슐),72000.0,8,5.0
P00576,동해형씨 EASTREAT 하프 황태 트릿 65g,16000.0,2,5.0
P00577,동해형씨 EASTREAT 하프 기름가자미 트릿 50g,16000.0,3,5.0
P00187,퓨어네이쳐 CBD 5% 릴리브 오일 10ml (CBD 550mg),72000.0,72,4.888888
P00495,닥터아나 하이드레이팅 3-6-9 오일,42000.0,4,5.0
P00406,시그니처바이 스토모액트 프리벤티스 껌 S(36EA),33900.0,0,0.0
P00407,시그니처바이 스토모액트 프리벤티스 껌 M/L(30EA),33900.0,0,0.0
P00404,에스틴 오로자임 오랄 하이진 겔 70g 강아지 치약,15900.0,2,5.0
P00460,클리닉스 프로다이제스트,54100.0,7,5.0
P00461,클리닉스 레노자임,39900.0,2,5.0
P00462,클리닉스 엑셀라이트,51500.0,1,5.0
P00464,클리닉스 아이비디 옥스,51500.0,4,4.75
P00466,클리닉스 알로센트릭 CX(캡슐),51500.0,0,0.0
P00467,클리닉스 알로센트릭 LX(스프레이),39900.0,0,0.0
P00468,클리닉스 액티프로,13100.0,0,0.0
P00030,[묶음 할인] 레날케이 142g,20000.0,15,5.0
